Name,gaia_ID,gaia_ra,gaia_dec,gaia_l,gaia_b,gaia_g,gaia_gbp,gaia_grp,gaia_RV,gaia_parallax,gaia_distance,gaia_T,gaia_R,gaia_L
1SWASP J003033.05+574347.6,Gaia DR2 427862103706151296,7.637111984,57.7288995,120.1355494,-5.029385925,20.592756,20.552305,18.82744,,2.7793321,0.359799,,,
1SWASP J011732.10+525204.9,Gaia DR2 410159451102131200,19.38373687,52.86816344,126.9232254,-9.801224396,13.771366,14.578562,12.893186,-142.4995707,0.293987926,3.4015,4226,11.644601,38.963852
1SWASP J015100.23-100524.2,Gaia DR2 2461175140038321280,27.75112797,-10.09000711,165.2452952,-67.923089,14.392441,14.934164,13.698336,,2.467173036,0.405322,4922.4033,0.67436844,0.24054593
1SWASP J024148.62+372848.3,Gaia DR2 333477070637929728,40.45260405,37.47992848,146.0204351,-20.39407041,14.663876,15.211265,13.963066,,1.915989267,0.521924,4879.8726,0.7838388,0.31389335
1SWASP J030749.87-365201.7,Gaia DR2 5046689037834943744,46.95749736,-36.86723926,240.27089,-59.67538679,16.520153,,,,1.866621188,0.535727,,,
1SWASP J031700.67+190839.6,Gaia DR2 59229699251693824,49.25297605,19.14427162,164.2052212,-31.81960928,14.256941,14.887787,13.416279,,2.886853904,0.346398,4497,0.7859969,0.22762918
1SWASP J034501.24+493659.9,Gaia DR2 249570280308984064,56.25519195,49.61663328,149.4368657,-4.108984359,9.420312,9.715783,8.996203,,6.362919466,0.157161,6119,1.5641651,3.0901656
1SWASP J044132.96+440613.7,Gaia DR2 252807586135139584,70.38845693,44.10311617,160.2346232,-1.476532439,20.804224,20.647533,19.156769,,,,,,
1SWASP J050904.45-074144.4,Gaia DR2 3207798824412250112,77.26894529,-7.695703231,208.0714908,-26.23269871,15.309315,,,,3.211428444,0.311388,,,
1SWASP J052926.88+461147.5,Gaia DR2 209018745286205952,82.3623237,46.19640413,163.6678409,6.510091405,14.934558,15.55275,14.192293,,1.859202751,0.537865,4885.4497,0.7109832,0.25943682
1SWASP J064501.21+342154.9,Gaia DR2 938861644542159744,101.2550969,34.36509838,181.0667551,13.69880129,13.999558,14.641391,13.231468,,2.833091161,0.352971,4448.5,0.93073404,0.305633
1SWASP J074658.62+224448.5,Gaia DR2 674942638710147840,116.7443635,22.74672319,197.7338557,21.9174933,14.196517,14.788855,13.4716835,,2.697864796,0.370663,4831.1533,0.70883965,0.24660052
1SWASP J075102.16+342405.3,Gaia DR2 882490714176552704,117.7588524,34.40154639,185.9420574,26.51537059,14.190336,14.907385,13.376635,,3.102082929,0.322364,4464.82,0.77020764,0.2123861
1SWASP J080150.03+471433.8,Gaia DR2 932885863267338368,120.4583924,47.24266455,172.066819,31.16356494,13.278255,13.775854,12.564978,,3.794677888,0.263527,4874.6665,0.75124747,0.28710473
1SWASP J093010.78+533859.5,Gaia DR2 1019985089906439040,142.5454644,53.64948724,162.9001599,44.75797475,10.82339,,,,14.28768544,0.06999,,,
1SWASP J104942.44+141021.5,Gaia DR2 3885073007593035264,162.426895,14.17262526,231.3231154,58.83258389,14.345925,14.982738,13.59681,,2.370329767,0.421882,4849.9375,0.7454561,0.27700233
1SWASP J133105.91+121538.0,Gaia DR2 3738936912850698624,202.7742789,12.26033533,336.8802185,72.46460441,10.486681,10.994355,9.853221,,14.00051472,0.071426,4966.6465,0.7016162,0.26986524
1SWASP J133417.80+394314.4,Gaia DR2 1476018219109602048,203.5741844,39.72059232,90.39229092,74.58176114,14.709635,15.27822,13.991334,,1.875266197,0.533258,4891.847,0.7791549,0.3132087
1SWASP J140533.33+114639.1,Gaia DR2 1226410559705188864,211.3888443,11.77750781,355.1005608,66.80336223,15.57883,16.122692,14.90332,,1.316697609,0.759476,5141.4497,0.65563506,0.27062094
1SWASP J150822.80-054236.9,Gaia DR2 6334708463860687232,227.0949972,-5.710255933,353.2986799,43.37426501,12.408748,12.899703,11.767177,,4.302877741,0.232403,4952.0723,0.9491724,0.48812696
1SWASP J151144.56+165426.4,Gaia DR2 1208461655152994432,227.9357378,16.90725723,22.8043054,56.04580514,14.662933,15.3119,13.876311,,2.423342334,0.412653,4447.9,0.8019897,0.22680482
1SWASP J155822.10-025604.8,Gaia DR2 4399927092603550208,239.5920353,-2.934622939,6.740966246,35.86358012,14.26312,14.922734,13.495198,,2.348742203,0.42576,4711.03,0.8450037,0.3168658
1SWASP J160156.04+202821.6,Gaia DR2 1203578449136931456,240.4835189,20.4727231,34.86553932,46.17381946,13.899195,14.543004,13.12115,,3.290363254,0.303918,4407.06,0.8628736,0.25303754
1SWASP J161858.05+261303.5,Gaia DR2 1303664896668956928,244.7404929,26.22833406,44.21747422,43.97493037,18.537762,19.442621,17.216534,,2.21200023,0.45208,,,
1SWASP J173828.46+111150.2,Gaia DR2 4492779024205404032,264.618579,11.19736773,34.94909779,21.21213376,13.426602,13.894446,12.6280775,,,,4641.96,,
1SWASP J200059.78+054408.9,Gaia DR2 4248891612709898240,300.24899,5.735288756,46.23638671,-12.65548042,14.892732,15.467802,14.159304,,1.767840643,0.565662,4858.2803,0.7734993,0.30029276
1SWASP J200503.05-343726.5,Gaia DR2 6698611697003800576,301.2627037,-34.62426649,6.553936587,-29.36008198,15.069404,15.6669855,14.309761,,1.749713294,0.571522,4732.625,0.77277243,0.26990214
1SWASP J210318.76+021002.2,Gaia DR2 1730243488048639744,315.8281983,2.167289187,51.49970326,-27.82186262,12.658526,13.00505,12.139149,13.71522929,-1.627273995,-0.614525,5545.9927,,
1SWASP J212808.86+151622.0,Gaia DR2 1771574954770894336,322.0370341,15.27276658,67.34651835,-24.97730172,14.544544,15.209241,13.604528,,2.533748503,0.394672,4442.143,0.81312,0.23193921
1SWASP J213252.93-441822.6,Gaia DR2 6576095452780342656,323.2215936,-44.30529113,355.9713692,-46.96721361,20.218166,21.261677,18.921764,,0.525709125,1.902193,,,
1SWASP J220235.74+311909.7,Gaia DR2 1898638366767417600,330.6482555,31.31963119,85.54795843,-19.03269788,19.679821,19.76693,18.086529,,2.6752786,0.373793,,,
1SWASP J222514.69+361643.0,Gaia DR2 1906049006421349120,336.3112777,36.27854301,92.64395238,-17.85253719,12.516831,13.067539,11.832853,-19.26418318,0.36851484,2.713595,5108.9326,9.747307,58.315594
2MASS J00570305+5541588,Gaia DR2 423554904350999552,14.26264403,55.69969122,123.7288122,-7.163374146,13.612485,13.991818,13.064893,,0.888210295,1.12586,5308.91,2.2250814,3.5433009
2MASS J00580602+5541451,Gaia DR2 423552636608424192,14.52516471,55.69584921,123.8779717,-7.163661504,15.416558,16.020712,14.668776,,1.216671204,0.821915,5007.6665,0.8165723,0.37776834
2MASS J02272637+1156494,Gaia DR2 26255547397592448,36.859911,11.94702761,156.8505405,-44.51041693,15.5546875,16.345543,14.572816,,1.874352319,0.533518,3937.75,1.0099113,0.22092949
2MASS J02322600+5726420,Gaia DR2 458019371199810432,38.1084312,57.44499064,136.2175485,-2.798266861,15.503739,16.25197,14.636487,,1.059990368,0.943405,4265.685,1.4125907,0.59522694
2MASS J02342291+5725468,Gaia DR2 458010472020090368,38.59381842,57.43029028,136.4647428,-2.711662925,20.494137,20.912828,19.180931,,0.312530376,3.199689,,,
2MASS J03334546+5125596,Gaia DR2 442261651582028672,53.43943435,51.43318861,146.9108474,-3.719782334,15.553386,16.261787,14.716255,,0.188225618,5.312773,4471,,
2MASS J06404718-8815211,Gaia DR2 5189282948497014912,100.1963462,-88.25587451,300.9730569,-27.19569654,11.809292,12.092042,11.341316,,1.935958016,0.51654,6020.4,1.7702729,3.709168
2MASS J07070311+1259585,Gaia DR2 3161094319246820096,106.7629302,12.99951718,203.015329,9.300001531,14.669534,15.182781,13.99699,,1.796917234,0.556509,4844,0.8499338,0.35832858
2MASS J08461143-8833427,Gaia DR2 5188474910527990400,131.5678998,-88.56196668,301.5234403,-26.43047399,16.376547,17.018696,14.883373,,5.320011445,0.18797,4285.71,,
2MASS J11201034-2201340,Gaia DR2 3538469421685625856,170.0431139,-22.0261531,276.5079411,36.11913745,15.299733,15.760596,14.650805,,0.925216277,1.080828,5044.0737,1.1126293,0.7219738
2MASS J19090585+4911585,Gaia DR2 2131302723789458688,287.2744491,49.19951232,79.85049101,17.48211525,14.970112,15.422828,14.371404,,1.008934251,0.991145,5091.29,1.160234,0.8148866
2MASS J20004638+0547475,Gaia DR2 4248896109529985792,300.1933011,5.79656321,46.26309465,-12.57708894,16.97944,17.410084,16.376081,,0.369572272,2.705831,5120.6133,,
2MASS J20034981+4411085,Gaia DR2 2076065561720648192,300.9575623,44.18566816,79.57565837,6.866808204,17.02783,17.573261,16.266827,,0.329262496,3.037091,4861,,
2MASS J20040017+4414033,Gaia DR2 2082070540173389440,301.0017442,44.2352507,79.63490766,6.865789339,18.914698,19.724373,17.86307,,0.975330522,1.025293,,,
44 Boo,Gaia DR2 1588936555749388928,225.9450136,47.65444794,80.3714647,57.06707415,5.545682,5.0029254,4.4764333,,78.08810047,0.012806,5095.6333,,
AA UMa,Gaia DR2 821434970926235904,146.7470198,45.76565317,173.2483454,49.21015963,11.162122,11.448671,10.628027,,3.016103155,0.331554,5737,1.6978458,2.8133943
AB And,Gaia DR2 1916588203329221632,347.884273,36.89285561,101.6039455,-21.80705938,9.695267,10.176242,9.092649,,11.70269841,0.08545,5029.5,1.1704795,0.7898081
AC Boo,Gaia DR2 1587269421243711872,224.1180174,46.36227482,79.26136802,58.76233938,10.072252,10.422011,9.61194,,6.377126381,0.15681,5834,1.2789621,1.707166
AD Cnc,Gaia DR2 598699921163689472,131.583716,10.33528113,216.6403451,30.17154118,13.019077,13.540504,12.355604,,3.122261659,0.320281,4896.5,1.0168393,0.53547895
AD Phe,Gaia DR2 4985326015443512192,19.15860921,-39.70860447,281.9352072,-76.37489691,10.287158,10.618917,9.828929,,4.981832552,0.200729,5810.75,1.4957664,2.2980053
AE Phe,Gaia DR2 4929395130250439168,23.13822231,-49.52836857,286.2228906,-66.24473464,7.717978,8.101172,7.2424746,,19.4489788,0.051417,5649,1.3307091,1.6246029
AG Vir,Gaia DR2 3919939238568799616,180.264588,13.00825629,260.6039811,71.60799589,8.585399,8.704134,8.306601,,3.885801045,0.257347,7844,2.3327055,18.559439
AH Aur,Gaia DR2 3432822846931027200,96.52061131,27.99896826,185.1534759,7.31376251,10.166579,10.526142,9.71102,,3.993203406,0.250426,5850,1.9441518,3.9882145
AH Cnc,Gaia DR2 604918213470564992,132.90765,11.84918012,215.6832553,31.99031378,13.319842,13.615964,12.858198,,1.064394422,0.939501,5798.52,1.7401942,3.0843155
AH Tau,Gaia DR2 66847287606832768,56.79969209,25.11625479,165.8773676,-22.74995188,11.518443,11.836395,10.920129,,4.282919121,0.233486,5504,1.1131289,1.0244702
AH Vir,Gaia DR2 3908308711944442240,183.5878287,11.81928746,271.5160915,72.38953847,11.745607,,,,9.961420011,0.100387,,,
AK Her,Gaia DR2 4546891252744542976,258.4910459,16.34996902,37.51087209,28.73260486,8.454559,8.73195,8.067239,,9.587784306,0.104299,6243,1.5535175,3.3029375
AL Cas,Gaia DR2 521244450885154304,33.43599658,70.14525961,129.8620549,8.388813703,12.497354,12.921716,11.909569,,1.470555232,0.680015,5321,2.2339394,3.6042135
AL Lep,Gaia DR2 2975096190646552448,76.57353377,-20.13142678,220.8254737,-31.80238599,9.431379,9.68951,9.049795,,4.997808689,0.200088,6484.4175,1.7591934,4.9295325
AM Leo,Gaia DR2 3867724225935158656,165.5453008,9.895039856,241.5041089,59.02061489,9.356552,9.710271,9.004289,,8.032188504,0.124499,6105,1.2821336,2.05733
AO Aqr,Gaia DR2 6819090851117929984,332.8829435,-22.78800123,30.75043737,-53.64726673,11.284935,11.6495905,10.797842,,2.680984669,0.372997,5680.8,1.8445622,3.1924143
AO Cam,Gaia DR2 272148682865253632,67.05696157,53.04558246,152.1558687,2.945538846,10.382144,10.781853,9.801682,,6.644731785,0.150495,5212.025,1.37589,1.2586011
AP Aur,Gaia DR2 897284436970354944,110.9595228,36.44793095,182.0089225,21.82473171,11.027354,11.171755,10.771648,,1.647348461,0.607036,7738,1.8285475,10.799958
AP Leo,Gaia DR2 3816274189925586048,166.2713052,5.151515426,249.1278313,56.47001128,9.467249,9.761457,8.978204,,6.795235072,0.147162,5963.5,1.5130931,2.6087408
AP UMi,,,,,,,,,,,,,,
AQ Boo,Gaia DR2 1244557350582190464,206.8621339,17.30707126,358.6231152,73.75942599,12.34968,12.685776,11.849138,,2.455560605,0.407239,5787.25,1.1841797,1.4171599
AQ Com,Gaia DR2 3955456663898011264,190.6777686,21.87150262,281.7804418,84.38126898,15.177264,15.52446,14.640714,,0.87600622,1.141544,5501.267,1.010428,0.8424737
AQ Psc,Gaia DR2 2566344805920050176,20.26476956,7.606064467,135.6510965,-54.5325327,8.59315,8.846598,8.172393,,7.380117674,0.135499,6333,1.8386688,4.899364
AQ Tuc,Gaia DR2 4689821167286415744,4.340046989,-71.91583531,306.658465,-44.96502454,10.024277,10.252332,9.714326,,2.733796859,0.365792,6720,2.279121,9.543475
AR Boo,Gaia DR2 1444212753627383296,207.0434114,24.92411593,26.29569381,77.07276468,12.770104,13.240534,12.164199,,2.573950415,0.388508,5168.65,1.2069337,0.9366342
AS CrB,Gaia DR2 1372013563108357760,240.0603634,35.2088958,56.37778889,49.19714044,11.576787,11.805562,11.108617,0.41072906,2.586837168,0.386572,6529.3335,1.2479764,2.5502505
ASAS J000709+2621.5,Gaia DR2 2853629361553533184,1.789882317,26.35759617,110.7376794,-35.4635027,15.914129,,,,2.024986761,0.49383,,,
ASAS J002821-1453.3,Gaia DR2 2374635642128481920,7.089349076,-14.8880297,98.07984009,-76.63303763,11.473693,11.75295,10.959847,,2.690206461,0.371719,5870.5,1.5688238,2.6335611
ASAS J012450-3241.4,Gaia DR2 5016120965316987648,21.20977373,-32.69004617,252.4976528,-80.87751905,11.313657,11.717035,10.692313,,5.424354357,0.184354,5339,1.0363047,0.7861572
ASAS J024155-2507.8,Gaia DR2 114212182652093696,40.47986521,25.12958688,152.3705885,-31.35135411,11.842078,12.259901,11.161264,,3.379398079,0.295911,4938.8066,1.5797821,1.337757
ASAS J025115-2525.4,Gaia DR2 5075835544900348800,42.81565447,-25.4227209,216.1370551,-63.14779015,16.203478,,,,,,,,
ASAS J035020-8017.4,Gaia DR2 4625296567926878976,57.5817239,-80.2896192,294.7217149,-33.78718459,12.071718,12.280824,11.69917,,1.070065906,0.934522,6973.75,2.108936,9.477354
ASAS J035803+0620.5,Gaia DR2 3273824360223070592,59.51162968,6.342250139,183.4027312,-33.83483231,11.648148,12.007534,11.082543,-23.50368628,1.458752594,0.685517,5360.79,3.2719302,7.9655905
ASAS J040633-4729.4,Gaia DR2 4831094014723364224,61.6395175,-47.4897546,254.6429168,-47.08921182,11.436656,11.656009,11.050477,,2.156669457,0.463678,6718.5,1.5082251,4.1755753
ASAS J050334-2521.9,Gaia DR2 2959321566043375360,75.88988889,-25.36571922,226.5035532,-34.05949076,11.144013,11.340848,10.785414,,2.258936231,0.442686,7211.5,1.4361043,5.0253825
ASAS J051353-1701.2,Gaia DR2 2982692166728058880,78.46910526,-17.02048195,218.210552,-29.0057305,11.409176,11.804253,10.857036,14.5089428,4.222641054,0.236819,5388.5,1.246714,1.1805922
ASAS J063546+1928.6,,,,,,,,,,,,,,
ASAS J071829-0336.7,Gaia DR2 3059960896132723584,109.6195787,-3.610773147,219.2434786,4.349354346,16.975525,,,,,,,,
ASAS J082243+1927.0,Gaia DR2 663377082056889600,125.6790612,19.449612,204.4512132,28.50921834,11.3029995,11.623403,10.827057,-10.02695047,4.188530154,0.238747,5883.5,1.0848618,1.2705348
ASAS J083241+2332.4,Gaia DR2 678364108441056896,128.1704566,23.54048122,200.8938885,32.06968746,12.602986,12.883387,12.107765,,2.469442763,0.40495,5845.75,,
ASAS J102556+2049.3,Gaia DR2 720955035668294784,156.4831401,20.820472,215.701538,56.28890886,13.28404,,,,5.701556115,0.175391,,,
ASAS J125340-5010.6,Gaia DR2 6078661961293851008,193.4179788,-50.17650533,303.2985541,12.69365434,16.098923,,,,6.031035154,0.165809,,,
ASAS J165139+2255.7,Gaia DR2 4566211767988598784,252.9141412,22.92869043,42.67958515,35.93042212,11.043052,11.390246,10.499922,,4.172595885,0.239659,5461.915,1.4473732,1.6797146
ASAS J174406+2446.8,,,,,,,,,,,,,,
ASAS J212236+0657.3,Gaia DR2 1738944434660534656,320.6476996,6.95392431,59.07851745,-29.08570278,13.283343,13.792516,12.632642,,2.170793083,0.460661,4873,1.3113275,0.87358
ASAS J212319-4622.4,,,,,,,,,,,,,,
ASASSN-V J023009.35+563849.7,,,,,,,,,,,,,,
AU Men,Gaia DR2 4650697794787679232,88.75311977,-72.69203282,283.47221,-29.991336,18.015165,16.974873,16.459623,,,,,,
AU Phe,Gaia DR2 4942123695328651392,27.59837927,-46.9744019,276.5339818,-67.01774644,12.11349,12.622127,11.451042,,4.168970847,0.239867,4916.775,1.1432612,0.6881878
AU Pup,Gaia DR2 5527430980755614464,124.4147201,-41.70877539,258.8608804,-3.398716382,18.533342,,,,,,,,
AU Ser,Gaia DR2 1218233805261820288,239.20596,22.26689726,36.85725232,47.84430849,10.876471,11.325504,10.248246,,6.102533915,0.163866,5006.63,1.3179631,0.9832935
AV Pup,Gaia DR2 5721901774154688512,126.1345865,-16.40311119,238.6354422,12.04003184,10.661195,10.963711,10.273613,,3.581289971,0.279229,6236.5,1.5086899,3.1021183
AW CrB,Gaia DR2 1329911476173113472,243.8342112,35.70728181,57.34253715,46.15169553,10.873275,11.142659,10.468416,,3.299795093,0.303049,6277.6,1.4651052,3.0033567
AW UMa,Gaia DR2 4022614181286374272,172.5175644,29.96377538,199.1079031,71.93217761,6.8607883,7.0541997,6.5332074,,14.56152819,0.068674,7135.4263,1.6341283,6.2365837
AW Vir,Gaia DR2 3712749402030010624,201.886818,3.041200354,324.2025966,64.41136462,11.240497,11.458789,10.557865,,4.490157985,0.222709,5651.955,1.1368684,1.1882555
BB Peg,Gaia DR2 2737141804011885952,335.7371562,16.32430878,78.89877343,-33.56329607,11.040557,11.313123,10.491636,,4.277903004,0.233759,5822.22,1.2259932,1.5560563
BC Gru,Gaia DR2 6515948181011937920,341.2044852,-48.17080407,343.8139654,-57.67286503,15.201687,14.870484,13.681048,,,,5095.6333,,
BD +42 2782,Gaia DR2 1354723978985824128,255.340756,42.16478944,66.80381314,37.65323574,12.610659,12.996803,11.635498,,7.756591548,0.128923,4777,0.52739507,0.13049318
BE Cep,Gaia DR2 2008169894076900736,340.3365403,58.60859423,106.6689867,-0.093814221,11.979078,12.369325,11.406839,,2.432062254,0.411174,5256.343,1.7654488,2.14358
BF Pav,Gaia DR2 6633190686429677056,281.4114699,-59.64052139,336.0759929,-22.46310426,17.250185,18.231936,15.726554,,1.514539659,0.660267,,,
BG Vul,Gaia DR2 1791530536763486976,319.8518614,22.04485397,71.40694203,-18.97872206,12.54532,12.925619,12.0199,,2.000484362,0.499879,5478.3335,1.5011008,1.828556
BH Cas,Gaia DR2 428237896161561216,5.338361688,59.1519131,119.0763581,-3.494438213,17.748205,,,,,,,,
BI CVn,Gaia DR2 1516514611046233344,195.8183454,36.61677771,108.8640097,80.18600843,10.264498,10.589326,9.818165,,4.469731303,0.223727,5955.25,1.5981439,2.8941865
BI Vul,Gaia DR2 1847030726933436416,320.6996855,27.02845815,75.82800538,-16.20819991,17.999815,18.197035,16.806385,,0.800168545,1.249737,,,
BL Eri,Gaia DR2 3189462062837687168,62.95204117,-11.79139472,205.0095017,-40.70030453,17.974722,17.646893,16.27342,,2.459644432,0.406563,,,
BL Leo,Gaia DR2 4005077554939612288,176.4100099,24.78071581,218.2685588,75.03587271,13.556803,14.022195,12.915785,,2.368094353,0.42228,5056.16,0.9642134,0.5474246
BL Vul,Gaia DR2 1847120371492690816,321.9528163,26.56904593,76.27998115,-17.3373167,11.986377,15.631148,10.073561,,-0.153546868,-6.512669,3286,,
BM UMa,Gaia DR2 788488723476411264,167.8352719,46.42968504,161.9315684,62.40085473,14.069431,14.561184,13.376579,,2.127255322,0.470089,4897.6665,0.91952103,0.4383034
BN Ari,Gaia DR2 106993102837561088,32.28245137,26.48515491,143.7741196,-33.22282373,10.402708,10.864105,9.806893,,8.115809705,0.123216,5095.08,1.1796542,0.8449056
BO Ari,Gaia DR2 107134287002409088,33.03621125,27.13852508,144.2424384,-32.37166219,9.753377,10.08606,9.302675,,7.062962519,0.141584,5874.25,1.3177722,1.862881
BO CVn,Gaia DR2 1498613634031775232,209.7840373,40.81923173,81.72928059,70.46123602,9.693856,9.889902,9.417757,,3.481198847,0.287257,7013.6665,1.9165334,8.007703
BP Vel,Gaia DR2 5519843938210109312,124.5244934,-45.38979849,261.9694758,-5.386319484,17.125566,17.411825,15.724793,,3.832374688,0.260935,,,
BQ Ari,Gaia DR2 31980704443356288,42.17015822,13.74621751,161.4372773,-40.20096817,10.5907545,10.984977,10.066368,-60.50348023,7.445410541,0.134311,5497.9336,0.9840697,0.79715794
BS Cas,Gaia DR2 414023787807414400,20.41074223,59.17417781,126.8002475,-3.470519346,11.685345,11.997093,11.125547,,2.794064166,0.357902,5661.6665,1.4829,2.0356147
BU Vel,Gaia DR2 5523378077819118080,130.0261382,-42.82870257,262.1992755,-0.685746815,10.635113,10.803755,10.384793,,2.076336587,0.481617,7283,1.9386417,9.526449
BV Dra,Gaia DR2 1616589410627042560,227.9583342,61.85743449,98.92052393,48.20395658,8.073827,8.395343,7.6270514,,16.12090456,0.062031,5906.85,1.2365085,1.6769215
BV Eri,Gaia DR2 3194189584882388096,57.9720792,-10.53099834,200.4876042,-44.49430733,8.212237,8.467428,7.885129,,8.043365986,0.124326,6512.75,1.8996294,5.849114
BW Dra,Gaia DR2 1616589410627042688,227.9572757,61.86186362,98.92610606,48.2015021,8.650041,9.023532,8.163033,,16.21543014,0.06167,5704,1.0170302,0.98646224
BX And,Gaia DR2 345119558747024512,32.26431132,40.79417684,138.4304472,-19.72995978,8.890344,9.136486,8.52508,,5.452935155,0.183387,6498.5664,2.0595,6.815356
BX Dra,Gaia DR2 1629262759606001920,241.5722594,62.76284619,95.18025381,42.39136306,10.698428,10.907275,10.438047,,1.918332181,0.521286,6904,2.2579043,10.435394
BX Peg,Gaia DR2 1800400576239988224,324.7058387,26.69278129,78.19007816,-19.00407452,11.008668,11.383244,10.389615,,6.555658153,0.15254,5262.75,1.0210102,0.7204533
CC Com,Gaia DR2 4001489436181241472,183.024595,22.53304107,238.0382783,79.96611096,11.189761,11.823975,10.266531,,13.91686233,0.071855,4412.66,0.7077757,0.17111495
CE Leo,Gaia DR2 4004078644329718656,176.1010867,23.35629327,223.211078,74.39360303,12.03318,12.4590435,11.322101,,4.594614108,0.217646,5070.085,0.99554354,0.5900328
CK Boo,Gaia DR2 1176145805821258368,218.7659677,9.113327286,1.464253779,59.61754133,8.98271,9.281981,8.551112,,8.178161226,0.122277,6105.5,1.4955664,2.8002126
Cl* NGC 104 WSB V95,Gaia DR2 4689625041901209472,5.695387869,-72.22035236,306.0049877,-44.73651468,19.55829,,,,0.897365426,1.114373,,,
Cl* NGC 5139 SAW V206,Gaia DR2 6083509639335467904,201.7800588,-47.60169215,309.1414685,14.8393831,17.94926,,,,,,,,
Cl* NGC 5139 SAW V208,Gaia DR2 6083704871389306112,201.7938452,-47.43541671,309.1756005,15.00262053,17.051622,,,,,,,,
Cl* NGC 5139 SAW V236,Gaia DR2 6083714217241320832,201.4664839,-47.40120358,308.9534964,15.06761916,19.630919,,,,,,,,
Cl* NGC 6121 SAW V66,Gaia DR2 6045477940159184512,245.8560762,-26.48552124,350.9783918,16.02617788,20.143887,,,,,,,,
Cl* NGC 6121 SAW V72,Gaia DR2 6045465093907377664,245.9093691,-26.53583585,350.9730686,15.95704296,17.398151,,,,,,,,
Cl* NGC 6715 SAW V134,Gaia DR2 6760453075694091392,283.7859473,-30.39996027,5.690404565,-14.07281617,20.256824,,,,-1.036459458,-0.964823,,,
Cl* NGC 6715 SAW V144,Gaia DR2 6760425862771583616,283.800247,-30.5010844,5.599795948,-14.12434559,19.912134,,,,,,,,
Cl* NGC 6838 YM V1,Gaia DR2 1821607299387585152,298.4895671,18.72602395,56.72224095,-4.628912141,17.87911,18.365234,17.163172,,0.296639715,3.371093,,,
Cl* NGC 6838 YM V2,Gaia DR2 1821607990884421632,298.4879208,18.76198906,56.75246867,-4.609211119,19.964296,,,,,,,,
Cl* NGC 6838 YM V5,Gaia DR2 1821606960127259776,298.3921125,18.73500903,56.68275073,-4.544952058,20.852951,,,,-3.805329568,-0.262789,,,
CN And,Gaia DR2 380329082162531840,5.127130648,40.22729185,116.5591137,-22.26142564,15.915449,16.600378,14.701749,,5.215656606,0.19173,4291,,
CN Hyi,Gaia DR2 4644328667526505600,41.40498591,-71.23595699,290.7798344,-43.09667554,6.5559626,6.8575583,6.2363787,,17.02942387,0.058722,6357,2.0204694,6.006315
CRTS J003244.2+244707,Gaia DR2 2807073874570391168,8.184320146,24.78552157,117.5516342,-37.89078835,14.907235,15.482937,14.223148,,1.786929392,0.559619,4853.4297,0.76214445,0.29037836
CRTS J004259.3+410629,Gaia DR2 369249814590322304,10.74701233,41.10800141,121.218542,-21.73563594,16.996645,17.174309,16.257055,,0.527300187,1.896453,5286.9,,
CRTS J014418.3+190625,Gaia DR2 95433490417951488,26.07639926,19.10706445,139.8387654,-42.02250288,16.07421,16.656324,15.290016,,1.129863819,0.885062,4778.2524,0.7341163,0.25310504
CRTS J020730.1+145623,Gaia DR2 77622432840144640,31.87583502,14.93968044,148.9150548,-44.06087117,15.870531,16.64374,15.0328665,,1.561801285,0.640286,4310.81,0.7838868,0.19117758
CRTS J031642.2+332639,Gaia DR2 125431702381299456,49.17549596,33.44453475,154.7302009,-20.30835185,14.894797,15.4433775,14.180015,,1.246238614,0.802415,4853.5234,1.0990287,0.60386693
CRTS J034705.9+211309,Gaia DR2 63323043603622912,56.77485472,21.21935225,168.7517775,-25.6333824,16.011711,16.623547,15.263178,,0.935651748,1.068774,4781.83,0.9105489,0.3905511
CRTS J053317.3+014049,Gaia DR2 3223493627052938240,83.32073745,1.680603142,202.2000767,-16.50806332,18.350813,19.552021,17.16264,,1.715838889,0.582805,,,
CRTS J060855.6+622713,Gaia DR2 1006450754604841984,92.23201869,62.45368955,151.6969979,19.17084411,15.618123,16.369253,14.765546,,1.631591165,0.612899,4265,0.87105715,0.2261852
CRTS J074350.9+451620,Gaia DR2 926879957095390208,115.9619509,45.27239275,173.7045537,27.77110452,16.447454,17.02582,15.671736,,0.924935721,1.081156,4609.25,0.8337435,0.28267065
CRTS J130945.0+371627,Gaia DR2 1522444139814317440,197.4368738,37.27495209,103.2283858,79.14322013,19.963873,20.861624,18.854094,,0.855440774,1.168988,,,
CRTS J145224.5+011522,Gaia DR2 3652057081731342976,223.1022326,1.256080112,356.3058633,51.13904244,15.193974,16.10712,14.228617,,3.127488881,0.319745,3997.6667,0.6794373,0.106223315
CRTS J151631.0+382626,Gaia DR2 1388371031954400256,229.1295123,38.44055021,62.73067688,57.72593082,16.692932,17.26353,15.93776,,0.834919559,1.19772,4851.92,0.7173261,0.25691086
CRTS J224015.4+184738,Gaia DR2 2833270082699709824,340.0643158,18.79390977,84.64593217,-34.14886296,15.607645,16.295254,14.800402,,0.888859679,1.125037,4474,,
CRTS J232100.1+410736,Gaia DR2 1924270697231915904,350.2505663,41.12682434,105.1413114,-18.59980631,15.163099,15.869483,14.297985,,1.714391415,0.583297,4321,0.98202246,0.3028828
CSS J004004.7+385531,Gaia DR2 368600694708950272,10.01979639,38.92544718,120.5159578,-23.89301335,13.900954,14.531446,13.1877,,2.781420373,0.359529,4595.12,0.9035158,0.32790926
CSS J015341.9+381641,Gaia DR2 342812955149513344,28.42461215,38.27808808,136.1594491,-22.98921531,13.471128,13.770891,12.973842,,1.12478955,0.889055,5944.75,1.4558942,2.385002
CSS J062803.2+571604,Gaia DR2 998330551996667136,97.01357985,57.26768407,157.7376395,19.54587115,13.544705,13.944571,12.989256,,1.393990802,0.717365,5412,1.3982798,1.5111723
CSS J071813.2+505000,Gaia DR2 980212112198364416,109.555244,50.83332447,166.6302473,24.77580522,14.257383,14.554535,13.793174,,0.029500272,33.897993,5803.475,,
CSS J075135.6+382028,Gaia DR2 919285905159922944,117.8985637,38.34126147,181.7008774,27.64512477,14.301287,14.678703,13.751906,,1.02569309,0.974951,5104.44,1.5430393,1.4562672
CSS J075205.6+381909,Gaia DR2 919283603057448320,118.0235005,38.31894561,181.7520695,27.73483858,14.531729,14.753948,14.153369,,0.439614661,2.274719,6840.6133,1.7168705,5.815004
CSS J075258.0+382035,Gaia DR2 919277104770589056,118.2421791,38.34302627,181.7721947,27.90714413,13.077996,13.357505,12.64738,,1.09971762,0.909324,6332,1.5647919,3.5462677
CSS J075350.1+264830,Gaia DR2 874188989071012608,118.4588584,26.80850372,194.1732684,24.78764641,13.998063,14.441591,13.35101,,2.053747718,0.486915,4986,0.9399522,0.4919436
CSS J153314.8+560527,Gaia DR2 1601272560816937216,233.3113066,56.09117341,89.3450167,49.13433721,12.720357,13.2422695,12.067944,,3.769010114,0.265322,4896.31,0.9666789,0.48387685
CSS J171410.0+445850,Gaia DR2 1361575761786708864,258.5416113,44.98097705,70.52590843,35.56033012,15.403965,15.89555,14.729422,,1.277517433,0.782768,4945.2773,0.8076581,0.35148954
CSS J214633.8+120016,,,,,,,,,,,,,,
CSS J222157.2+275308,Gaia DR2 1881893354432317312,335.4881741,27.88594636,86.86300565,-24.32363934,15.754703,16.143433,15.194618,,0.173457345,5.765106,5319.6665,,
CSS J223614+311343,,,,,,,,,,,,,,
CSS J224326.0+154532,Gaia DR2 2733348768069008128,340.8587657,15.75921365,83.21191392,-37.05160314,16.308418,,,,4.855465711,0.205953,,,
CT Eri,Gaia DR2 4871145409392265088,67.35335038,-33.57620763,234.752859,-43.065377,10.258624,10.464104,9.96366,,2.503721851,0.399405,6907.027,2.1165693,9.185954
CU Tau,Gaia DR2 69948116558111488,56.90387906,25.38769952,165.7562622,-22.48525506,11.411814,11.7867775,10.889937,,2.821195536,0.35446,5473.5,1.7975909,2.6129847
CV Cyg,Gaia DR2 2072141954494523392,298.5858971,38.04681889,73.36262853,5.22446228,18.94764,,,,-0.823857964,-1.213801,,,
CW Cas,Gaia DR2 523846238991809920,11.46832518,63.08496633,122.3022323,0.220020026,14.869982,15.332627,13.59333,,5.874365274,0.170231,4469,,
CW Scl,,,,,,,,,,,,,,
CX Vir,Gaia DR2 6301100722726138112,212.3643345,-15.58157929,329.1503418,43.2829447,10.3737955,10.664591,9.85161,,2.526390827,0.395822,5713.6665,2.9403098,8.301192
DD Com,Gaia DR2 3952592642265324928,187.1925921,21.72591367,258.0405064,82.53197408,14.603693,15.058363,13.980563,,1.475586194,0.677697,5035.93,0.965166,0.5397809
DD Ind,Gaia DR2 6575365926816570752,321.1965936,-47.18070378,352.1086701,-45.20931933,12.176251,12.546155,11.620314,,2.727634936,0.366618,5263.4,1.4328979,1.4196807
DE Lyn,Gaia DR2 1035287096309344384,126.3732607,57.72464073,159.6981268,35.10931233,13.217714,13.698717,12.579997,,1.634458895,0.611823,4939.2075,1.7331831,1.6106929
DF CVn,Gaia DR2 1521293500896563584,190.905529,38.73778256,130.4527775,78.27610043,15.097492,,,,,,,,
DF Hya,Gaia DR2 583594147522154368,133.7593938,6.093727026,222.1433608,30.18986134,10.80326,11.122781,10.266211,,5.263666784,0.189982,5645.6665,1.1890627,1.2940918
DK And,Gaia DR2 1943249573599224576,352.1912675,50.57478296,109.7683828,-10.17190125,12.897237,13.169736,12.481269,,1.015755089,0.984489,6337,1.8382326,4.9094234
DK Cyg,Gaia DR2 1950492606448789120,323.7609731,34.59585571,83.29423872,-12.75538047,10.555344,10.734226,10.216441,,2.437581783,0.410243,7129.107,1.7838484,7.4054446
DN Aur,Gaia DR2 181769514256042368,76.99943924,33.39738896,171.8077253,-4.191850521,13.25138,13.672247,12.652883,,0.123295672,8.110585,5149.79,,
DN Boo,Gaia DR2 3728971527866756096,207.9251759,14.30167115,353.5421659,70.97988571,11.076608,11.313049,10.727117,,2.242965046,0.445838,6497.5664,1.8300014,5.377748
DN Cam,Gaia DR2 500972789364298112,70.69242766,72.97824631,137.9744134,17.29581306,8.340931,8.506005,8.035243,,6.348978761,0.157506,7750.62,1.6302875,8.641098
DS Psc,Gaia DR2 2551431442517874944,14.7165679,3.066083146,126.6151652,-59.75253205,11.8302555,12.1923895,11.297411,,2.968902092,0.336825,5612.1,1.3312811,1.5839294
DU Boo,Gaia DR2 1491982032729435520,215.5738763,41.45053817,76.35194626,66.51757117,8.69905,8.830771,8.448046,,2.741661615,0.364742,8029,,
DX Tuc,Gaia DR2 6485801565043224448,359.3397788,-64.24341532,312.403737,-51.87887145,9.498075,9.796932,9.091389,,6.308964998,0.158505,6126,1.5184251,2.925428
DY Cet,Gaia DR2 5158131859934912640,39.63818533,-14.29907823,191.1280048,-61.95092842,9.56641,9.846216,9.234473,,5.342717696,0.187171,6391.05,1.5924957,3.8118875
DY CVn,Gaia DR2 1522367792477084160,197.6989355,36.73550968,101.033316,79.55588702,13.613021,14.322457,12.799824,,3.923288827,0.254888,4602.1465,0.7282268,0.21432348
DZ Lyn,Gaia DR2 928032691957434112,122.9731117,42.90983864,177.4029501,32.31783081,9.955728,10.188907,9.601572,,4.202553582,0.237951,6564.41,1.603258,4.300158
DZ Psc,Gaia DR2 2802651432645128192,9.116818008,21.53845089,118.3034094,-41.19871848,20.204718,,,,,,,,
EE Cet,Gaia DR2 20743528104253056,42.46811715,8.938066354,165.5789503,-43.91043899,9.454536,9.74631,9.025791,,6.82779286,0.14646,6157.9336,1.4160587,2.597749
EF Boo,Gaia DR2 1603817861516048640,218.1270221,50.82780145,90.81323759,59.52837829,9.392802,9.662962,8.997514,,6.15166969,0.162557,6196.467,1.5962459,3.3843153
EF CVn,Gaia DR2 1448960547915658752,204.1598283,28.19437965,41.62229484,79.93832686,13.002129,13.325438,12.499354,,2.24460598,0.445512,5693,0.99437916,0.9357578
EF Dra,Gaia DR2 2260078831302085120,271.3752486,69.75399987,100.0515128,29.28339348,11.726954,,,-38.9129734,3.393715457,0.294662,,,
EH Cnc,Gaia DR2 664142307790054016,126.576466,20.88046458,203.2560237,29.80056232,11.909156,12.154177,11.441348,,1.981901432,0.504566,6057.467,1.6303191,3.2240672
EH CVn,Gaia DR2 1456800546860152448,205.3071947,31.79044008,59.19231186,78.21164337,12.849916,13.402631,12.164331,,3.697001993,0.270489,5045,0.860017,0.43167156
EH Hya,Gaia DR2 3466211132415225344,181.2123255,-33.15626392,291.8214472,28.70837873,14.391771,14.845481,13.787852,,1.249940397,0.800038,5106.1533,1.2135212,0.9019134
EI Cen,Gaia DR2 6064012824275372032,202.4194557,-55.07997102,308.4329875,7.382818213,16.900064,,,,0.205083766,4.876056,,,
EK Com,Gaia DR2 3961709277286878592,192.838998,27.22956509,133.1223275,89.89705956,12.191066,12.671812,11.54401,,5.104599993,0.195902,4958.54,0.8815019,0.42321056
EL Aqr,Gaia DR2 2436283193217778176,356.8263946,-8.086692806,81.39684689,-65.64502263,10.481964,10.718943,10.120589,,2.918122166,0.342686,6533.3633,1.829355,5.493358
EM Lac,Gaia DR2 2004876440123986432,335.9781366,54.01922486,102.2591271,-2.823130443,12.489696,12.864555,11.960878,,1.805125719,0.553978,5483,1.7033993,2.3626568
EM Psc,Gaia DR2 2589993789205323136,19.70220664,13.35211701,133.1048734,-48.97824117,13.485617,13.935623,12.887637,,1.533464636,0.652118,5086,1.5161984,1.3858372
EP And,Gaia DR2 350288706506804864,25.62214889,44.76174264,132.3812474,-17.17131231,11.460849,11.728378,10.91797,-64.52504383,1.730253946,0.57795,5860.305,2.4628727,6.4455442
EP Cep,Gaia DR2 573943905765304576,11.72492483,85.36213022,122.8326367,22.49125509,16.542055,16.99297,15.87886,,0.455877814,2.19357,4956,1.3326306,0.9652493
EPIC 211957146,,,,,,,,,,,,,,
eps CrA,Gaia DR2 6730853810342681472,284.6800531,-37.10775086,359.5419147,-17.3165903,4.966977,5.0713735,4.533446,,32.08874565,0.031164,6876,1.9055321,7.312582
EQ Cep,Gaia DR2 573942943692671360,11.88893809,85.27340066,122.8454221,22.40230268,16.497955,16.966549,15.809139,,0.57785486,1.730538,4898,1.1060648,0.6343529
EQ Tau,Gaia DR2 64013807487711360,57.056306,22.31401373,168.1357767,-24.65580018,11.15964,11.454609,10.559733,,4.421346539,0.226175,5602.3,1.2221706,1.3256345
ER Cep,Gaia DR2 573939782596761600,12.61537362,85.25234992,122.9100702,22.38064134,15.653416,16.111668,15.039562,,0.735126723,1.36031,5176.702,1.1158625,0.80561733
ER Ori,Gaia DR2 3206917595908399232,77.81048357,-8.556980322,209.1965958,-26.13370938,9.448812,9.713833,8.968343,,4.1717558,0.239707,6060,2.4028325,7.0150723
ES Cep,Gaia DR2 573940190617804160,12.71634804,85.27076013,122.9191562,22.39902432,17.739574,18.289122,17.011011,,0.582119608,1.71786,,,
ES Lib,Gaia DR2 6315179659882472704,229.2026173,-13.0392049,348.8763367,36.5488428,7.1857386,7.3389797,6.995426,,6.88462784,0.145251,7500,2.7118337,20.963602
ET Leo,Gaia DR2 3889936491119411456,158.3580781,17.5738621,222.34536,56.81382518,12.91321,,,21.52839645,9.425940933,0.10609,,,
EX Leo,Gaia DR2 3982399779723342336,161.2780888,16.3375283,226.621702,58.85155718,8.143164,8.424235,7.7859535,,10.23645135,0.09769,6417,1.5876957,3.850857
EX Psc,Gaia DR2 2742289721749871872,3.344546456,5.669173067,105.8537221,-55.93543288,13.887614,14.309466,13.274537,,1.976413529,0.505967,5186.875,0.9314953,0.5658212
EZ Hya,Gaia DR2 5689693157269867776,141.6709751,-13.75176411,245.8062642,25.68510297,10.565955,10.921415,10.09213,,3.985500723,0.25091,5769,1.670384,2.7843864
FG Hya,Gaia DR2 3091950774617206016,126.766438,3.514260177,221.0332512,22.8265177,10.059091,10.402578,9.569615,,6.507573366,0.153667,5787.5,1.2829986,1.6638383
FG Sct,Gaia DR2 4253225578414235648,281.2657577,-6.103938369,26.77365716,-1.367994383,18.860855,,,,,,,,
FI Boo,Gaia DR2 1595631104093744256,230.5245944,51.18222412,83.58345122,52.8347307,9.375563,9.757995,8.87249,-37.99276256,8.272617317,0.120881,5596.5,1.4889036,1.9592685
FI Lyn,Gaia DR2 1031356788916864640,124.3635259,51.86271359,166.8450891,34.06377623,9.548207,9.902151,9.094853,57.01552248,6.996601854,0.142927,5887.5,1.4550384,2.2917504
FN Cam,Gaia DR2 1131545078714444032,140.7417843,77.21958833,135.1547301,34.44247617,8.659136,8.848709,8.309,,4.380556627,0.228281,7030,2.4417908,13.119971
FO Hya,Gaia DR2 5670997370788658816,149.9304697,-19.13233413,256.2671316,27.78817636,10.902928,11.109428,10.635784,,2.222321874,0.44998,6890,1.7809197,6.4396205
FP Boo,Gaia DR2 1396430108588343936,235.7510458,43.26544942,69.43024118,51.9367875,10.064765,10.301184,9.72422,7.855415096,2.727790194,0.366597,6515,2.385,9.232709
FP Lyn,Gaia DR2 910782694547326592,130.4446849,39.09203056,182.9223153,37.40119628,11.193282,11.539945,10.693445,-0.473324216,3.358692026,0.297735,5781.5,1.4778031,2.1983151
FS CrA,Gaia DR2 4036330176628936576,271.5502559,-37.52565054,354.6842267,-8.009118332,19.50641,,,,,,,,
FS Lup,Gaia DR2 5901166905885390464,223.0680023,-51.42317135,321.3622046,7.072447191,10.367477,10.714983,9.863904,,5.557839973,0.179926,5743,1.3254807,1.7218559
FT Lup,Gaia DR2 5908602761263951616,224.9693798,-42.98326041,326.5489491,13.92171991,9.815502,10.0659895,9.441496,,4.499429734,0.22225,6412.447,1.6746223,4.271924
FT UMa,Gaia DR2 1016919342250995712,133.6264464,51.24441439,167.3978995,39.83556013,9.188432,9.406916,8.851091,-27.02202055,3.346988976,0.298776,6780.3438,2.6876657,13.75473
FU Dra,Gaia DR2 1639708154429199104,233.686016,62.27906607,97.06942066,45.80011904,10.523665,10.882959,10.051109,,6.210296068,0.161023,5730,1.1093931,1.19532
FV CVn,Gaia DR2 1457452724757991808,208.3060971,32.38045519,58.04985288,75.61603416,18.970423,18.550068,16.936102,,2.79814069,0.35738,,,
FZ Ori,Gaia DR2 3223238097970593920,85.33792211,2.605414659,202.3715795,-14.29645821,18.93066,,,,,,,,
GK Aqr,Gaia DR2 2677855484207663104,334.9873527,-0.662968809,62.59558159,-45.05379274,12.061736,12.528507,11.373823,,5.19511699,0.192488,4897.705,0.9491087,0.46697882
GM Dra,Gaia DR2 1433203206259978112,260.091812,57.97393559,86.43747067,34.69686276,8.681092,8.964322,8.24967,,10.47604238,0.095456,6295,1.2593002,2.2435522
GN Boo,Gaia DR2 1281813576239417472,222.5323479,29.64977618,45.50566191,63.84504032,10.865372,11.294558,10.28317,,7.136182007,0.140131,5324,0.974777,0.68779254
GQ Boo,Gaia DR2 1267794085726468480,224.9026558,25.0458163,36.09943121,61.22279432,12.759337,13.103911,12.267761,,1.582331651,0.631979,5767.6665,1.5330069,2.3430605
GR Boo,Gaia DR2 1267903865090637568,224.9771481,25.90941278,37.89153108,61.31343733,11.367209,11.716662,10.801486,,,,5333.1,,
GR Vir,Gaia DR2 6330650681838332032,221.3340598,-6.734276067,346.2331953,46.34061487,7.8983684,8.250117,7.5004745,,15.86609706,0.063027,5996.3335,1.31924,2.0271478
GSC 01387-00475,,,,,,,,,,,,,,
GSC 02049-01164,Gaia DR2 1301025175410017664,250.9237641,25.29664748,44.87032691,38.35083837,13.872296,14.233083,13.341451,,1.291544387,0.774267,5668.63,1.1686004,1.2703962
GSC 02137-0222,Gaia DR2 2038567507936389376,290.9899104,29.62002273,62.88572782,6.658298257,21.019983,,,,,,,,
GSC 02265-01456,Gaia DR2 2862548874756214528,5.06254594,31.97318063,115.2616296,-30.43364603,15.48784,15.895639,14.909868,,0.508465305,1.966703,5233.2974,1.6958808,1.9435109
GSC 03122-02426,Gaia DR2 2098349982347311872,281.4369809,40.28885966,69.55817458,18.16237268,14.7702675,15.258979,14.123764,,1.193392862,0.837947,4926.1553,1.1692083,0.72528857
GSC 03517-00663,Gaia DR2 1366731543608276096,262.2296214,50.27121746,77.13646872,33.44294258,12.871422,13.296582,12.296887,,2.385768842,0.419152,5336,1.1514062,0.9683116
GSC 03553-00845,Gaia DR2 2133946877454121984,284.3139285,51.27539184,81.21846218,19.97495882,12.811634,13.153123,12.337624,,1.389189055,0.719844,5731,1.7285286,2.9038188
GSC 04984-00564,Gaia DR2 3650019824124066688,218.6795068,-0.78620214,348.7911643,52.63687814,14.229237,14.727314,13.572247,,1.740713258,0.574477,4840.4404,1.0766861,0.5733403
GSC 0763-0572,Gaia DR2 3156047694016548736,109.2390563,9.209618012,207.5495793,9.822402223,14.167432,,,,,,,,
GSC 0804-0118,Gaia DR2 602486987103545984,127.8552185,11.80362279,213.3547944,27.47672345,13.713706,14.024245,13.237265,,1.207816175,0.827941,6067.3335,1.1613435,1.6466734
GSC 1042-2191,Gaia DR2 4307878624877861376,290.9544924,8.306889313,44.0272704,-3.332512967,9.254681,9.493745,8.931876,,5.326551843,0.187739,6655.135,1.6996983,5.105824
GSC 1537-1557,Gaia DR2 4547058511653459840,260.089549,16.51478241,38.34640134,27.37825953,12.666689,13.081313,12.104506,,2.609390721,0.383231,5362.3335,1.1435248,0.9740946
GSC 2362-2866,Gaia DR2 170174511307247616,60.92070122,32.45154781,163.4406784,-14.90719709,16.817226,,,,,,,,
GSC 2576-0319,Gaia DR2 1323756513161624576,242.6806147,34.62054402,55.67279528,47.0197823,11.485641,11.826319,10.992911,-58.96673885,3.094519404,0.323152,5807,1.3885796,1.9753478
GSC 2584-1731,Gaia DR2 1329155763792260864,246.0273668,34.71153824,56.13933202,44.28512594,12.4008665,12.770177,11.873584,,2.019295807,0.495222,5520,1.5621877,2.0413496
GSC 2723-2376,,,,,,,,,,,,,,
GSC 27765-0348,,,,,,,,,,,,,,
GSC 2936-0478,Gaia DR2 957972599740477056,98.91889021,42.07073549,173.0142221,15.07773391,13.270776,13.63693,12.743592,,1.070481406,0.934159,5601,1.9103187,3.2357032
GSC 3034-299,Gaia DR2 1485446913571160320,211.2872326,38.9050438,75.03500069,70.6369758,11.529685,11.853228,11.028397,,2.95660658,0.338226,5704,1.4809486,2.091668
GSC 3208-1986,Gaia DR2 1957495533442807808,336.3167016,41.46432279,95.61450271,-13.52606177,11.19709,11.41344,10.74805,,2.690446596,0.371686,6641.5,1.3812929,3.3444982
GSC 3408-0735,Gaia DR2 932885863267338368,120.4583924,47.24266455,172.066819,31.16356494,13.278255,13.775854,12.564978,,3.794677888,0.263527,4874.6665,0.75124747,0.28710473
GSC 3581-1856,Gaia DR2 2179794175880486272,308.9880104,49.01157893,86.69496931,4.997986403,10.761016,11.246852,10.13883,,7.821402845,0.127854,4989.1235,1.0941702,0.6682847
GSC 3599-2569,Gaia DR2 1979215320493747840,324.7666369,50.15894616,94.44081113,-1.760520467,19.79765,19.573946,18.46348,,0.226541539,4.414201,,,
GSC 4778-152,Gaia DR2 3016416559171232256,82.83905844,-7.39515381,210.4579047,-21.15228131,13.102342,13.465519,12.551901,,-2.581784467,-0.387329,5412,,
GSC 4946-0765,,,,,,,,,,,,,,
GSC 963-246,Gaia DR2 4458961005769692672,246.9371661,11.06055669,26.34246381,36.86453447,11.433207,11.726123,10.9653015,-0.891017329,2.479735082,0.403269,6214,1.5384033,3.1792164
GU Mon,,,,,,,,,,,,,,
GU Ori,Gaia DR2 3344023676532540032,92.51925563,12.82957864,196.8006411,-3.124534811,12.518128,12.864307,12.02416,,1.563348157,0.639653,5760.25,1.7387884,2.9988413
GV Leo,Gaia DR2 622383646439544320,152.9963079,16.87517473,220.0486052,51.82113273,11.444433,11.871794,10.88308,44.73651927,5.025724963,0.198976,5235.2666,1.1034337,0.82402897
GW Cep,Gaia DR2 565776252357166592,26.49879833,80.08283117,125.3720835,17.47053595,17.982468,17.60718,16.732056,,0.979188973,1.021253,,,
GW Cnc,Gaia DR2 661913219762617728,132.0528428,21.12045913,205.0166454,34.69747104,12.539374,12.938588,11.993481,,3.024612675,0.330621,5403,1.0278448,0.8111284
GW Leo,Gaia DR2 3887058450715192576,154.7229105,13.68566746,225.87555,52.00096934,12.229675,12.551594,11.763404,,2.06801265,0.483556,5832.8,1.4609582,2.2257614
GW Tau,Gaia DR2 150983704071647744,67.53943528,25.54076401,172.7571199,-15.52507704,10.835946,11.175199,10.35033,,2.44227939,0.409454,5801,2.37838,5.771234
GZ And,Gaia DR2 351835307049558528,33.05897779,44.66056929,137.725707,-15.87777951,15.329396,,,,,,,,
GZ Pup,Gaia DR2 5561726500769997696,109.362753,-40.12873909,251.8368565,-12.52193253,11.200797,11.503233,10.621037,,4.536726327,0.220423,5579.157,1.1796275,1.2146717
HH Boo,Gaia DR2 1506787678352110848,215.4334225,46.69981359,86.67344937,63.567588,11.020028,11.393086,10.475496,,5.015950364,0.199364,5424,1.2365428,1.192317
HH UMa,Gaia DR2 762042921909228288,166.2006936,35.60738424,185.8083433,65.80398831,10.589065,10.883561,10.16714,,3.674520439,0.272144,5954.34,1.6746516,3.175983
HI Dra,Gaia DR2 2157403476266324096,278.3515562,58.70653568,88.01834304,25.2127173,8.984744,9.144264,8.736652,,3.76262274,0.265772,7407.24,2.2167776,13.3279915
HI Pup,Gaia DR2 5493804788438991872,113.409138,-50.12364028,262.3761412,-14.20934889,10.485806,10.792905,10.021338,,3.918784469,0.255181,5857.673,1.7054098,3.084982
HL Lyn,,,,,,,,,,,,,,
HN Psc,,,,,,,,,,,,,,
HN UMa,Gaia DR2 763798502676762752,168.9852049,37.64298591,179.2753023,67.35514984,9.757444,10.049436,9.348516,,5.065052635,0.197431,6173.1997,1.6518265,3.5699728
HO Psc,Gaia DR2 2587191718181393408,22.56872551,13.55682737,137.1819481,-48.23743963,11.243595,11.465424,10.509072,,5.091434656,0.196408,5286.9,1.167025,0.9586484
HR Boo,Gaia DR2 1238475573811713408,222.1375358,21.7335154,27.91143161,62.86848117,13.324719,13.670879,12.811484,,1.526150025,0.655244,5757,1.2300482,1.4973519
HR CVn,,,,,,,,,,,,,,
HT Vir,Gaia DR2 3714227557974504576,206.5277544,5.115473833,335.9658669,64.42172877,7.7018394,7.5183635,6.888103,,15.80233331,0.063282,5163.2,,
HV Aqr,Gaia DR2 2684640639182523264,320.3531181,-3.16063737,48.99133159,-34.47377228,9.871804,10.197383,9.373675,,5.126803377,0.195053,5733,1.8122786,3.1964834
HV UMa,Gaia DR2 774558834567373184,178.9085768,47.25723714,147.7852598,67.08781674,8.605039,8.75989,8.355418,,3.950002829,0.253164,7470.1523,2.4764562,17.20576
HX UMa,Gaia DR2 1537395883044801408,180.3885034,43.0415547,152.162154,71.14341018,8.814907,9.04741,8.38334,,7.591946033,0.131719,6506,1.5280101,3.7688026
HY Pav,Gaia DR2 6372939891908736256,305.9547762,-73.70607873,320.7269898,-32.38574436,11.480884,11.879919,10.839826,,4.504810194,0.221985,5152.74,1.2581272,1.0053027
II Aps,Gaia DR2 5781382741875010688,246.9244446,-74.84446367,315.7683334,-17.67232931,19.705479,,,,5.240000386,0.19084,,,
II CMa,Gaia DR2 2949526429272771200,104.4017129,-13.24349119,225.4382335,-4.654400947,14.972557,15.759381,14.140443,,2.200820361,0.454376,4234.5566,0.88895345,0.22892043
II Per,Gaia DR2 253441901271920256,67.40667115,44.42790619,158.5542565,-2.83481196,13.167514,13.540747,12.61748,,1.257191423,0.795424,5330.067,1.911503,2.6569004
II UMa,Gaia DR2 1571033242274284928,188.2288104,54.79623633,128.6450262,62.12607238,14.03093,,,,1.991582188,0.502113,,,
IK Boo,Gaia DR2 1453085193988180480,212.1924144,29.48556349,45.36101514,72.83680342,11.262257,11.621017,10.764901,,4.303187855,0.232386,5762,1.1256377,1.2583022
IK Per,Gaia DR2 228201027006559872,67.3643999,42.05294125,160.2615667,-4.48968246,11.077184,11.500548,10.469617,,,,5165.25,,
IR Vir,Gaia DR2 3680529966125234304,189.5351196,-3.988144004,296.5354347,58.7183592,11.697268,12.029232,11.126459,,3.308259603,0.302274,5412.63,1.3791922,1.4708813
IV Dra,Gaia DR2 1597680284530218240,234.096786,53.31979861,85.2026616,49.94891897,13.270529,13.827207,12.566169,,3.009563407,0.332274,5145.5,0.8288301,0.43384647
KAO-EGYPT J225702.44+523222.1,,,,,,,,,,,,,,
KIC 10007533,Gaia DR2 2127824281311599616,290.0977234,46.98663733,78.48586954,14.88728151,19.932165,20.333563,18.762524,,0.380486019,2.628217,,,
KIC 10229723,Gaia DR2 2085669108591519232,299.0200183,47.22050761,81.51226131,9.580920012,11.835088,12.103306,11.408619,,1.168486163,0.855808,6329,2.6128612,9.868877
KIC 10267044,Gaia DR2 2130812685200870016,288.8692362,47.36997113,78.50437031,15.8059051,14.097991,14.339449,13.71156,,0.674326489,1.482961,6856.5,1.3605405,3.6857648
KIC 10395609,Gaia DR2 2130866389472395648,287.7298315,47.59732907,78.41356659,16.60402184,14.178776,14.474697,13.723687,,0.74823235,1.336483,6149.2197,1.4714829,2.7892356
KIC 10596883,Gaia DR2 2129371191097341952,290.5483869,47.80261764,79.38565316,14.94119482,14.118341,14.31859,13.763767,,0.515240742,1.94084,7142.25,1.6299706,6.2286572
KIC 10618253,Gaia DR2 2086455087605592448,298.1248534,47.81241863,81.73235058,10.39876469,12.858065,13.164501,12.406042,,1.168681121,0.855665,5960.3335,1.8479943,3.883097
KIC 11097678,Gaia DR2 2086752574218680704,297.6185398,48.69347099,82.35094829,11.12027342,16.577003,16.463762,15.570967,,0.650578008,1.537095,5095.6333,,
KIC 11144556,Gaia DR2 2134780135472361088,295.119166,48.73285132,81.59949632,12.59683484,13.58873,13.858483,13.163722,,0.532335742,1.878514,6363.5,2.5293481,9.4514
KIC 12055014,Gaia DR2 2132963604821825664,287.5161766,50.55662587,81.23617196,17.8322249,13.482172,13.736851,13.07531,,0.627507318,1.593607,6418,2.2149248,7.4991417
KIC 12055255,Gaia DR2 2132960065768816000,287.6870946,50.5377715,81.25923956,17.72420272,15.832614,16.67012,14.933512,,1.272615272,0.785783,4222,1.0442351,0.31215066
KIC 12352712,Gaia DR2 2133155675760287104,288.9991409,51.11124637,82.13978877,17.16734204,16.628468,16.904922,16.225655,,0.142094014,7.037594,6164.2007,,
KIC 1572353,Gaia DR2 2051763979621722752,291.188501,37.16159479,69.74845662,9.944952493,15.21499,15.857015,14.451183,,1.59411992,0.627305,4567,0.875856,0.30066592
KIC 2159783,Gaia DR2 2052528178860163328,291.3593537,37.55326544,70.1657534,9.999118329,14.9743,15.356718,14.413834,,0.610717394,1.637419,5296.3335,1.7381998,2.1418815
KIC 3104113,Gaia DR2 2099368748592328320,288.0396185,38.29412337,69.68952914,12.68007406,13.537142,13.87454,13.057867,,0.467802313,2.137655,5765,3.6279097,13.097998
KIC 3127873,Gaia DR2 2052071572304048512,294.0106426,38.26354432,71.77788079,8.466798749,15.214395,15.5435095,14.694311,,0.309521157,3.230797,5555.467,2.749412,6.4871893
KIC 3221207,Gaia DR2 2099544876609720576,287.3409096,38.32566788,69.4856495,13.19202532,12.158198,12.424868,11.735049,,1.476128159,0.677448,6414,1.7345936,4.5878167
KIC 4244929,Gaia DR2 2100269764009806464,286.0169247,39.31526501,69.98854507,14.53549125,15.071717,15.412621,14.561459,,0.554354173,1.803901,6119.885,1.3296574,2.2343297
KIC 5439790,Gaia DR2 2101330517855569152,289.1205973,40.65048283,72.24208014,12.90920988,13.359516,13.606964,12.950055,,0.535857686,1.866167,6345,2.8090901,11.522655
KIC 5809868,,,,,,,,,,,,,,
KIC 6050116,,,,,,,,,,,,,,
KIC 6118779,Gaia DR2 2101794752273429120,290.2795003,41.41229301,73.32911242,12.44035713,18.601198,18.83994,17.770658,,0.395509516,2.528384,,,
KIC 6309193,Gaia DR2 2073902341314756608,298.1765418,41.60198645,76.28842605,7.29337191,16.956392,,,,0.127379044,7.850585,,,
KIC 6677225,Gaia DR2 2102464251781210240,287.1373144,42.1444326,73.02188211,14.87689332,13.5367985,13.728569,13.17802,,0.473111634,2.113666,7163,2.307456,12.628197
KIC 7601767,Gaia DR2 2102799912065505920,289.9235875,43.219124,74.89431242,13.44384751,14.4772005,14.754514,14.02903,,0.295770561,3.380999,6208,,
KIC 7698650,Gaia DR2 2078774689643038592,296.8068593,43.38644752,77.35380107,9.051766715,19.780632,20.481907,18.744223,,0.050522926,19.792995,,,
KIC 8108785,Gaia DR2 2079608531778267776,295.6019939,43.92509098,77.41061827,10.07492855,18.425062,18.916641,17.639498,,0.358204583,2.791701,,,
KIC 8145477,Gaia DR2 2105324730059420800,282.5665647,44.05462781,73.5870128,18.68321237,14.72651,14.944283,14.348075,,0.328991543,3.039592,6867,2.0815704,8.680507
KIC 8265951,Gaia DR2 2081868062537508480,301.3486538,44.18796193,79.7259732,6.629385861,12.580991,12.828436,12.182503,,0.817535984,1.223188,6787.75,2.301845,10.133285
KIC 8496820,Gaia DR2 2126390208918891392,292.472976,44.58853833,76.97154862,12.3719365,12.493123,12.785534,12.063794,,1.378650737,0.725347,5998.3047,1.8284659,3.8992634
KIC 8539720,Gaia DR2 2105421422662054016,281.9883782,44.63644051,74.01817065,19.26906992,12.812843,13.088958,12.399097,,0.668439959,1.496021,6327.5,2.9129748,12.254533
KIC 8804824,Gaia DR2 2106374046408488320,285.3760243,45.00976026,75.2714326,17.14895674,14.727542,14.928554,14.380444,,0.348417902,2.870117,7153.805,1.815142,7.7743545
KIC 9151972,Gaia DR2 2127417595153671680,290.767839,45.55739559,77.33943558,13.87532612,15.393779,15.734661,14.781859,,,,5308.25,,
KIC 9350889,Gaia DR2 2080065997334474368,295.0917882,45.84280185,78.96459106,11.29003906,13.58961,13.849827,13.183779,,0.46248854,2.162216,6390.5,2.8851967,12.5079155
KIC 9453192,Gaia DR2 2106533475594488320,286.0058488,46.04887618,76.45237802,17.12001569,13.856475,14.104408,13.464101,,0.408799949,2.446184,6724.5,2.6061978,12.512655
KIC 9832227,Gaia DR2 2128318232616057856,292.3163991,46.6221575,78.80069632,13.3556847,12.292625,12.626018,11.820084,-43.9072009,1.680388011,0.595101,5878.17,1.7176949,3.1736226
KN Per,Gaia DR2 236411325145154304,50.64852068,41.33195657,151.1252407,-13.1198486,11.50722,11.691247,11.047891,,0.93946909,1.064431,6611,3.4609053,20.613073
LO And,Gaia DR2 1938276860462797568,351.7778954,45.55615828,107.829803,-14.82839347,11.223039,11.511441,10.665756,,3.37775091,0.296055,5671.555,1.5118316,2.1306405
LO Com,Gaia DR2 3960846985292488832,188.0204892,26.3797285,221.6642467,85.6149907,13.286277,13.693744,12.705029,,2.331343281,0.428937,5142.2065,1.0638874,0.71299106
LP Com,Gaia DR2 4008951374922132480,188.2728992,27.13424082,211.801622,85.91832947,13.133483,13.563766,12.538877,,2.066159672,0.48399,5199.18,1.2537854,1.0348575
LP UMa,Gaia DR2 855120777384480512,158.4908822,58.87100581,150.1561744,50.36259223,12.496656,12.8482,11.992479,-48.24772357,2.202764148,0.453975,5766,1.2436079,1.5401398
LR Cam,Gaia DR2 484756264165992448,85.77150232,68.66861475,144.541796,19.245506,10.579967,10.97814,10.043655,,4.73316447,0.211275,5371.75,1.6413281,2.020918
LS Del,Gaia DR2 1813514756363926400,314.2935231,19.65015446,66.00226419,-16.48576265,8.581913,8.868897,8.152515,,10.03999986,0.099602,6086.5073,1.4747406,2.689048
LT Pav,Gaia DR2 6417251653618176768,297.1504667,-71.02614127,324.3063251,-30.17470063,11.551667,11.854395,11.069263,-2.71809654,2.390620575,0.418301,5918.5,1.6737064,3.0967052
LU Lac,Gaia DR2 2000927376623111424,335.4271914,51.36754634,100.5451692,-4.877074819,14.138407,14.617175,13.475251,,1.567410835,0.637995,4926.2334,1.1908216,0.7523988
LZ Dra,Gaia DR2 2264953030770177280,293.6411034,74.05187953,105.8647731,23.12187871,11.73103,12.042752,11.217187,,2.996744611,0.333695,5777.3335,1.2949969,1.683224
LZ Her,Gaia DR2 4596402055185737600,267.3716506,29.32100813,54.35455721,25.49972556,13.478855,13.875994,12.911538,,1.636289817,0.611139,5367,1.2520086,1.1717521
Mis V1395,,,,,,,,,,,,,,
MQ Peg,Gaia DR2 1884116360786727296,342.0431893,28.08837458,92.34213545,-27.36264433,13.346723,13.623919,12.912017,,0.959928087,1.041745,6360,1.5697984,3.632544
MQ UMa,Gaia DR2 783867373022334592,170.4210522,43.61461453,164.7587182,65.519712,11.41181,11.623842,11.066032,,1.674014959,0.597366,6917.25,1.855961,7.1050353
MR Com,Gaia DR2 1459948238195035520,198.6018072,27.19250861,34.96340545,84.89090858,16.342821,16.775267,15.316475,,2.189260549,0.456775,4706.686,,
MW And,Gaia DR2 334926398762273920,37.87051047,39.68911233,143.0883157,-19.2348601,16.724295,,,,1.911185414,0.523235,,,
MW Pav,Gaia DR2 6373593929528340608,311.616028,-71.94964109,322.1736765,-34.48635558,8.728515,8.923185,8.380268,,4.22913878,0.236455,7218.4927,2.328849,13.266719
MX Peg,Gaia DR2 2845073236946019840,350.5622577,28.09233991,100.0033757,-30.77794321,16.311054,16.667498,15.779867,,0.291257547,3.433387,5612.1,,
NEV 64,,,,,,,,,,,,,,
NGC 6397 V7,,,,,,,,,,,,,,
NGC 6397 V8,,,,,,,,,,,,,,
NGC 7789 V12,,,,,,,,,,,,,,
NN Vir,Gaia DR2 3672871592759375104,214.9070158,5.896196099,351.5500357,60.15596738,7.5532103,7.75967,7.2234516,,8.719795945,0.114682,6929.92,2.0989053,9.153629
NO Cam,Gaia DR2 550375255548792192,63.71442037,75.34465108,134.7979559,17.39763521,12.275269,12.581424,11.795379,,1.550210231,0.645074,5833.5,1.90796,3.7979572
NR Cam,Gaia DR2 1138420290562688640,118.6272358,78.1122107,136.1295518,29.73723756,10.793289,11.212786,10.220155,,7.992013061,0.125125,5327.5,0.8983766,0.5857407
NSV 1000,Gaia DR2 4640493880206445824,44.07825387,-74.51781363,292.5286166,-39.98658647,12.692715,13.0887165,12.1610155,22.8619403,1.792214183,0.557969,5482.6665,1.5627536,1.9881221
NSV 3744,Gaia DR2 671765840380908544,117.2045057,19.25742154,201.3840304,21.01149092,12.705486,12.8529825,12.454036,,0.827373559,1.208644,7500,1.7762017,8.993408
NSV 395,Gaia DR2 573717990485130368,17.0529542,84.63506771,123.3537642,21.77706215,15.381206,15.956135,14.6123495,,0.983271629,1.017013,4750.2935,1.1792144,0.6379138
NSVS 10632802,Gaia DR2 1189327919446976512,234.9631579,10.90484672,18.95778518,47.27767147,19.74112,19.881502,17.953289,,1.512031755,0.661362,,,
NSVS 11234970,,,,,,,,,,,,,,
NSVS 113026,,,,,,,,,,,,,,
NSVS 10971359,Gaia DR2 4477630988098939520,277.3362726,7.96915711,37.56730103,8.5139819,19.807241,19.247252,17.865711,,1.968822326,0.507918,,,
NSVS 1461538,Gaia DR2 2010668053204626816,347.589653,58.98808739,110.2229462,-1.366766149,13.068969,13.544438,12.408014,,2.028758732,0.492912,4937.3374,1.4967915,1.1994677
NSVS 1557555,Gaia DR2 420818529143481088,1.655688574,55.45601856,116.5607012,-6.860376351,9.130251,9.595682,8.52989,0.186139929,13.64553002,0.073284,5045.6997,1.2916596,0.9742636
NSVS 1768818,,,,,,,,,,,,,,
NSVS 1917038,,,,,,,,,,,,,,
NSVS 1926064,Gaia DR2 453037380933253504,41.43878526,52.9885634,139.7666587,-6.105641986,14.201692,,,,,,,,
NSVS 2175434,Gaia DR2 482072356283728768,73.84495449,64.8862086,145.348968,13.27758285,19.623968,18.849262,17.586472,,0.557347657,1.794212,,,
NSVS 2244206,Gaia DR2 1008591435024671872,91.58544483,65.12260306,148.95773,19.90597039,11.715167,12.171009,11.10208,,5.038164231,0.198485,5042,1.065819,0.66141343
NSVS 2256852,,,,,,,,,,,,,,
NSVS 2459652,Gaia DR2 1091887446648047488,124.0544817,64.90641434,151.1761467,33.32640933,12.369905,12.89909,11.706301,,4.552869785,0.219642,5014.7,0.8844424,0.4456703
NSVS 2569022,,,,,,,,,,,,,,
NSVS 2607629,Gaia DR2 841507376028169856,175.605835,54.88033868,142.5977657,59.53412793,12.268148,12.79816,11.594439,,5.602850416,0.178481,4876,0.8095788,0.3337857
NSVS 2669503,Gaia DR2 1569635556837246976,192.5721526,52.52625339,123.3394807,64.6010871,13.341329,13.966874,12.595726,,3.224801624,0.310097,4856.3364,0.8672375,0.3768824
NSVS 2700153,Gaia DR2 1664947886226914176,205.9615491,63.07263315,113.1003276,53.04378077,16.988333,17.973124,15.812288,,3.806160403,0.262732,3635,,
NSVS 2701634,Gaia DR2 1664114254548761600,206.5359272,61.08692178,111.4908823,54.8094879,11.627794,12.077328,10.82034,,7.209266054,0.13871,4644.3335,0.96375245,0.38933128
NSVS 2729229,,,,,,,,,,,,,,
NSVS 3198272,Gaia DR2 2245074242796915712,310.0147194,63.99285485,99.28715605,13.3972768,10.8055725,11.117138,10.396806,,3.685459677,0.271337,6101.3335,1.4355434,2.5729208
NSVS 3325547,Gaia DR2 2192949832499119104,321.0975644,62.26446853,101.2429922,8.466852371,16.80858,,,,-0.664806241,-1.504198,,,
NSVS 3640326,,,,,,,,,,,,,,
NSVS 3777464,,,,,,,,,,,,,,
NSVS 3853195,Gaia DR2 343191736905254272,28.51801213,38.46720502,136.1828297,-22.78756439,17.655434,17.97681,17.034838,,0.342959757,2.915794,,,
NSVS 4161544,,,,,,,,,,,,,,
NSVS 4316778,,,,,,,,,,,,,,
NSVS 4484038,Gaia DR2 196616254124625408,88.5708588,44.4255932,167.4687702,9.341110579,14.433344,,,,4.6411877,0.215462,,,
NSVS 4666412,,,,,,,,,,,,,,
NSVS 4726498,,,,,,,,,,,,,,
NSVS 4808227,Gaia DR2 908232068088772736,126.0147554,38.52201427,183.0094398,33.90346979,12.012245,12.3748045,11.504985,,2.471819194,0.40456,5518,1.5275601,1.9490281
NSVS 5066754,,,,,,,,,,,,,,
NSVS 5810460,Gaia DR2 2166929649321664896,313.4713766,47.92106089,87.6846112,1.990149613,17.106316,17.414719,15.947027,,0.313689077,3.18787,,,
NSVS 667994,,,,,,,,,,,,,,
NSVS 6859986,Gaia DR2 185383604679566080,77.922795,35.52653217,170.542398,-2.316503406,12.339855,12.809346,11.708076,,2.496614607,0.400542,4955.665,1.685474,1.543642
NSVS 7051868,Gaia DR2 955160457018403968,95.05773389,37.45521859,176.0380659,10.45122094,10.061042,10.320986,9.628266,,3.641169523,0.274637,6542.3335,1.774795,5.1990247
NSVS 7179685,Gaia DR2 943547346485333376,101.527005,36.33907907,179.2889618,14.68638267,15.338746,16.07796,14.491441,,2.268351879,0.440849,4265,0.71256256,0.151362
NSVS 7328383,,,,,,,,,,,,,,
NSVS 7377875,,,,,,,,,,,,,,
NSVS 8040227,,,,,,,,,,,,,,
NSVS 8626028,Gaia DR2 1840788318386123904,319.1117646,25.29454809,73.49289118,-16.31986182,17.877237,18.266499,17.123497,,-2.04770462,-0.488352,,,
NSVS 9045055,,,,,,,,,,,,,,
NSVS 908513,Gaia DR2 1720278167488409472,187.6601639,83.38522592,123.6509712,33.71396392,17.354721,16.807434,15.507425,,2.715649201,0.368236,,,
NSVS 925605,Gaia DR2 1714785144835710336,210.4415767,77.27768711,118.0094397,39.17058691,13.378763,14.508799,12.319178,,11.31458951,0.088381,3546,0.6445841,0.05918461
NW Aps,Gaia DR2 5773381767563076864,223.9098823,-79.8057295,308.4491897,-18.29076353,9.083756,9.417069,8.59555,,3.734899203,0.267745,5856.25,3.414588,12.3552
OGLE BW1 V26,Gaia DR2 4050254185714190208,270.6834198,-29.81284782,1.129283728,-3.659722881,19.433117,,,,,,,,
OGLE BW1 V37,Gaia DR2 4050255487030794752,270.6322431,-29.75964528,1.153935083,-3.594931041,18.027138,,,,,,,,
OGLE BW1 V38,Gaia DR2 4050253498519412352,270.616989,-29.87364708,1.047880044,-3.639300705,17.941072,,,,-0.012933107,-77.320941,,,
OGLE BW1 V48,Gaia DR2 4050267792180972928,270.4881518,-29.74809736,1.102489901,-3.480276811,19.173075,,,,,,,,
OGLE BW1 V69,Gaia DR2 4050242602336600704,270.4514696,-29.86312484,0.986454773,-3.509092292,18.188776,,,,,,,,
OGLE BW1 V79,Gaia DR2 4050254288793626880,270.6194695,-29.82951035,1.087479703,-3.619531272,18.507908,,,,,,,,
OGLE GD-ECL-04451,Gaia DR2 5242092010952310656,163.4417597,-61.25991018,289.2659691,-1.550008998,20.815,,,,,,,,
OGLE J003835.24-735413.2,Gaia DR2 4685795163790573312,9.646524406,-73.90328404,304.1532932,-43.19447479,20.872538,,,,,,,,
OGLE J004619.65-725056.2,Gaia DR2 4688969939181134464,11.58028874,-72.84931844,303.4587107,-44.27369753,19.188774,,,,,,,,
OGLE J050542.01-691725.9,Gaia DR2 4655226099121067136,76.42596103,-69.2910838,280.3319932,-34.51498641,20.287056,,,,,,,,
OGLE J051206.93-685645.1,Gaia DR2 4658262263092333056,78.02894905,-68.94473596,279.7599597,-34.04278673,20.413973,,,,,,,,
OGLE J053247.54-694403.1,Gaia DR2 4658001537195958016,83.19779357,-69.73381915,280.2834818,-32.10548456,20.161438,,,,,,,,
OGLE J053251.73-700256.2,Gaia DR2 4657989687242834816,83.21388626,-70.04961857,280.651198,-32.05367631,20.276796,,,,,,,,
OGLE J053540.37-695413.9,Gaia DR2 4657268746974290816,83.91876032,-69.9034628,280.4404231,-31.83545175,20.335823,,,,,,,,
OGLE J054701.27-705623.3,Gaia DR2 4656955489190464512,86.75202848,-70.93969869,281.514977,-30.77172662,20.534143,,,,,,,,
OO Aql,Gaia DR2 4301711773362344192,297.0530056,9.308961968,47.81720926,-8.139871454,9.4775,9.847599,8.888939,-31.57120759,8.387282478,0.119228,5167.92,1.6878457,1.8307259
OQ Cam,,,,,,,,,,,,,,
OU Ser,Gaia DR2 1207420658159673728,230.67941,16.26132204,23.61467109,53.37885353,8.082174,8.434999,7.6057787,,18.8151,0.053149,5733.1,1.1258345,1.2336781
OW Leo,,,,,,,,,,,,,,
PP Lac,Gaia DR2 2002302453348903296,340.661071,53.41736915,104.349913,-4.743114682,11.665489,12.059604,11.084525,,3.129556724,0.319534,5220,1.6117802,1.7377542
PY Aqr,,,,,,,,,,,,,,
PY Boo,Gaia DR2 1595973361447956224,232.0918235,51.53916814,83.43180729,51.79722157,13.621238,,,,,,,,
PY Lyr,Gaia DR2 2038147494493645568,290.1076832,28.94607805,61.92684186,7.032336866,17.432339,17.43557,16.566488,,0.400937516,2.494154,,,
PY Vir,Gaia DR2 3636046921120692992,197.6343681,-4.159078577,312.0417894,58.37443832,9.549793,9.988246,8.952427,,11.98665024,0.083426,4775.893,1.3981472,0.9162604
PZ UMa,Gaia DR2 1018042012342622592,142.279403,49.85643867,168.185082,45.47283254,12.589161,12.988021,12.06082,,3.086380243,0.324004,5429.85,0.97320503,0.7417452
QT UMa,Gaia DR2 825940185460526336,144.1206655,48.87925215,169.2160519,46.84486497,16.606833,15.591735,14.651607,,1.732805829,0.577099,5095.6333,,
QW Gem,Gaia DR2 888443882447477760,102.6919904,29.45303826,186.1882199,12.82337909,10.426347,10.737875,10.005454,,4.600899566,0.217349,6036.6665,1.4002769,2.3459098
QX And,Gaia DR2 342870640854339200,29.49080899,37.80618571,137.1765372,-23.21851083,11.292908,11.568858,10.9002,47.1744297,2.237575352,0.446912,6224.1504,1.812568,4.4422565
ROTSE1 J164341.65+251748.1,Gaia DR2 1301025175410017664,250.9237641,25.29664748,44.87032691,38.35083837,13.872296,14.233083,13.341451,,1.291544387,0.774267,5668.63,1.1686004,1.2703962
ROTSE1 J180616.31+280109.1,Gaia DR2 4583457642231633280,271.5652655,28.01882095,54.33093648,21.59700519,12.749254,12.99191,12.380111,,0.731544273,1.366971,6529.285,2.5718625,10.8306055
RR Cen,Gaia DR2 5891961828913463936,214.2379914,-57.85444906,314.1326905,3.145608683,7.382538,7.58448,7.1004057,,9.267344967,0.107906,7035,2.0749424,9.500867
RS Col,Gaia DR2 2954591157782712832,78.88023182,-28.75042351,231.2761876,-32.44118291,9.508562,9.816884,9.083105,,4.330481101,0.230921,5943.3335,2.3463807,6.1888795
RT LMi,Gaia DR2 796029174219793536,147.4513236,34.45424932,190.7395977,50.64057802,11.482655,11.7172785,11.010922,,2.824649384,0.354026,6641.5,1.1535403,2.3325174
RV CVn,Gaia DR2 1454791155002756736,205.0756438,28.30595221,41.97303277,79.12641107,13.854547,14.392065,13.165258,,2.346517134,0.426164,4853,0.94267064,0.44407448
RV Psc,Gaia DR2 310402169860611968,19.92127941,31.20137579,129.9998122,-31.282418,11.492813,11.61807,10.908067,,2.144551107,0.466298,5956.25,1.8912238,4.05576
RW Com,Gaia DR2 3960862618973453312,188.2505741,26.71604616,217.6130093,85.87021545,11.027329,11.464708,10.352929,,9.260123958,0.10799,5003.6396,0.81148934,0.3718814
RW Dor,Gaia DR2 4658717357748393600,79.63595786,-68.22672491,278.7688547,-33.61633699,19.05017,17.783964,17.29575,,,,,,
RW PsA,Gaia DR2 6619007776704670720,332.4457,-27.06705468,23.50779713,-54.18319131,11.029363,11.325201,10.39302,,4.796041678,0.208505,5824.25,1.0983671,1.2506902
RZ Com,Gaia DR2 3958901639984742272,188.7711555,23.3371858,257.7525054,84.70474588,10.540694,10.854951,10.108852,,4.897998137,0.204165,5989.3335,1.268771,1.8662732
RZ Tau,Gaia DR2 3410404320237268096,69.15680519,18.7549124,179.2135255,-18.7239974,10.251757,10.617506,9.715039,,4.520334289,0.221223,5486,1.9041363,2.958789
S Ant,Gaia DR2 5633777360297734016,143.0761719,-28.62757943,258.5481526,16.61444692,6.4964027,6.685366,6.1824064,,12.51207717,0.079923,7178.16,2.2238226,11.828986
SDSS J012119.10-001949.9,,,,,,,,,,,,,,
SS Ari,Gaia DR2 104063247946740352,31.0768211,24.00059708,143.5849227,-35.93163323,10.228874,10.616279,9.767065,,5.051682109,0.197954,5718,1.5693444,2.3719625
SS Com,Gaia DR2 3941849932625475328,192.4127459,18.70331097,300.0460546,81.56504642,10.813077,11.037498,10.386037,,3.089186172,0.32371,6824.3335,1.3605928,3.6173625
ST Ind,Gaia DR2 6482163654727834496,308.849256,-48.32224873,351.2675072,-36.86280563,11.347679,11.606297,10.896032,,2.610073461,0.383131,6276,1.489531,3.10117
SW Lac,Gaia DR2 1928018863649494784,343.4245886,37.93863486,98.68153924,-19.3266994,12.173107,,,,13.91911011,0.071844,,,
SX Crv,Gaia DR2 3516104217008286208,190.0628471,-18.80029088,299.251022,43.99149391,8.851735,9.152417,8.418468,,10.07612821,0.099244,5995.13,1.3397112,2.0888703
SY Hor,Gaia DR2 4837289900184985728,63.57673857,-46.44901924,252.8444047,-45.9494552,11.359056,11.751806,10.7192335,,5.442323514,0.183745,5144.0938,1.1060388,0.77173996
SZ Hor,Gaia DR2 4727644504718888064,46.75516762,-56.13459264,272.4563125,-52.21197296,11.210998,11.300904,10.755248,,1.939563801,0.51558,6911.72,1.759803,6.3674774
TT Cet,Gaia DR2 2464167465228786816,26.73543062,-9.752728243,162.5501687,-68.24404489,11.186664,11.277586,10.763434,,2.464856861,0.405703,7026,1.3564936,4.0398273
TU Boo,Gaia DR2 1453346327999716224,211.2418491,30.00050062,47.3590128,73.62048104,11.495241,11.803577,10.952092,,3.834421122,0.260796,5757,1.1368818,1.2791169
TV Mus,Gaia DR2 5332644691932435072,174.990968,-64.81648734,295.4194617,-2.992381187,10.479244,10.911201,9.790105,,4.237670183,0.235979,4978,2.3124282,2.9583585
TW Cet,Gaia DR2 5136147262376639360,27.22580044,-20.89300736,190.5856397,-75.48535441,10.417471,10.813193,9.888614,,6.401370416,0.156217,5768.445,1.1138178,1.2375364
TW Cru,Gaia DR2 6057369849945619712,180.8172911,-62.93766808,297.4849819,-0.576451518,12.3510685,12.800118,11.752054,,2.444815973,0.409029,5171.12,1.5393533,1.5265456
TX Cnc,Gaia DR2 661190015991474688,130.0069351,18.99978595,206.6225171,32.16871559,10.039619,10.389878,9.570685,,5.323903131,0.187832,5787.25,1.5825236,2.5309532
TY Boo,Gaia DR2 1290207905137101312,225.1952871,35.1320109,57.18350561,61.32891652,11.393364,11.788486,10.824785,,4.514065929,0.22153,5321.3335,1.2098134,1.0573368
TY Pup,Gaia DR2 5620104860188835200,113.1925237,-20.7917901,236.0368471,-0.723161494,8.594591,8.807716,8.22761,,4.450134753,0.224712,7019.25,2.4834592,13.488748
TY UMa,Gaia DR2 1573684680204473600,182.2598062,56.03177065,134.8325438,60.10608469,11.562933,11.8431635,11.044905,,3.287128675,0.304217,5812.1,1.259107,1.6298676
TYC 01963-0488-1,Gaia DR2 646770127148575104,146.1684622,26.53533204,202.6773622,48.57951573,11.350019,11.556784,10.951149,,2.224950004,0.449448,6896.9297,1.4449728,4.2563486
TYC 1397-1030-1,Gaia DR2 660482789494668928,134.2906075,18.94542871,208.3943735,35.94488102,11.111081,11.517422,10.541884,,5.746529136,0.174018,5339.6665,1.0735384,0.8440856
TYC 1597-2327-1,,,,,,,,,,,,,,
TYC 1664-110-1,Gaia DR2 1784001493453877888,322.3127763,16.08154812,68.21304771,-24.6517355,11.086939,11.551163,10.419602,,7.261250864,0.137717,4959.45,1.0298983,0.57811934
TYC 2675-663-1,Gaia DR2 2054900890599013376,302.2965628,32.56485592,70.29958241,-0.238679886,11.489008,11.7999,11.003013,,3.866381393,0.25864,5880.25,1.0800514,1.2565124
TYC 3836-0854-1,Gaia DR2 1575432933756377472,181.5822578,57.17649047,134.7750498,58.90251645,10.01924,10.250706,9.619472,,4.099556619,0.243929,6610.75,1.5738534,4.262125
TYC 4157-0683-1,Gaia DR2 1584271980747562752,182.6436491,63.20291772,130.6227282,53.31090572,10.19757,10.484444,9.786999,,4.178944135,0.239295,6094.9175,1.6787926,3.503968
TYC 4377-482-1,Gaia DR2 1098432083451369344,122.1671958,70.49038234,144.7186805,31.87572323,11.5906105,11.947376,11.059876,,3.474647291,0.287799,5628.77,1.2618542,1.4400152
TYC 5532-1333-1,,,,,,,,,,,,,,
TYC 6408-989-1,Gaia DR2 2390134529832050176,357.7648804,-19.07474922,59.89993307,-73.9698707,11.756971,11.93936,11.423065,,1.627145778,0.614573,7318,1.4625174,5.5267067
TZ Boo,Gaia DR2 1391924687894823296,227.0375951,39.9705014,66.21501422,59.00250785,10.515903,10.881914,10.017743,,5.367925141,0.186292,5590.3335,1.3605306,1.6287793
U Peg,Gaia DR2 2772362326841050752,359.492279,15.95265009,104.6069067,-45.00814843,17.38035,,,,6.982755656,0.14321,,,
UCAC2 31686238,Gaia DR2 3806302860707660672,162.4991923,-0.043256595,250.8779776,50.13835549,15.343281,15.719033,14.823076,,0.614195794,1.628145,5493,1.339652,1.4720314
UCAC2 31686253,Gaia DR2 3806303200009524480,162.5568679,-0.008907265,250.9045015,50.20329968,12.323649,12.6645,11.826503,,2.728618219,0.366486,5783.75,1.0799478,1.1758132
UCAC4 436-062932,Gaia DR2 4399923862788142464,239.6169981,-2.964899264,6.729567629,35.82546485,14.906262,15.4671955,14.20077,,1.023800894,0.976752,4917.93,1.2857006,0.8711718
UCAC4 440-022220,,,,,,,,,,,,,,
UCAC4 479-113658,Gaia DR2 4248891612699075456,300.2496753,5.736760888,46.23804401,-12.65534926,17.749084,,,,,,,,
UCAC4 479-113711,Gaia DR2 4248879586801447296,300.2821059,5.706001917,46.22688228,-12.69857914,15.927749,16.32023,15.333143,,0.516943709,1.934447,5308.5,1.3165735,1.2401444
UCAC4 525-135123,Gaia DR2 1810479318295180544,309.2192786,14.94535198,59.08678502,-15.31918727,15.066539,15.609582,14.343239,,1.55125766,0.644638,4825.185,0.8285212,0.33524156
USNO-A2.0 1200-18678842,Gaia DR2 1949139966627224704,328.6255755,35.86277353,87.21167282,-14.45677808,14.586267,14.980405,14.012636,,0.386791989,2.585369,5290.5,3.2900746,7.6399946
USNO-A2.0 1350-17365531,Gaia DR2 1988886590422290560,342.1491133,50.81851336,103.9415934,-7.467676485,16.050636,15.503476,13.906172,,1.565678546,0.638701,5095.6333,,
USNO-A2.0 1575-02740973,Gaia DR2 1096028344877569408,113.6263011,67.55452413,148.32855,29.00716684,15.232206,15.5363865,14.753829,,0.531891329,1.880083,5992.6025,1.3451636,2.1023588
USNO-B1.0 1395-0370184,Gaia DR2 2168055343059891456,311.8140744,49.52699203,88.23447142,3.853575452,20.91498,,,,,,,,
USNO-B1.0 1395-0370731,Gaia DR2 2168137325400541824,311.9426378,49.53400034,88.29228413,3.792875886,15.420404,16.106964,14.587425,,0.884222498,1.130937,4366.5,1.6383789,0.87913835
USNO-B1.0 1411-00397871,Gaia DR2 2171624804483947392,323.3398567,51.14929351,94.43250237,-0.419309979,18.171165,,,,,,,,
USNO-B1.0 1452-00049820,,,,,,,,,,,,,,
UU Lyn,Gaia DR2 816234865040160256,138.8741739,42.70375034,178.560487,43.93279165,19.687496,18.796572,17.784796,,0.944399902,1.058873,,,
UV Lyn,Gaia DR2 719171456011132544,135.8501638,38.09857473,184.7435416,41.50659605,9.421794,9.746135,8.96501,,6.816804492,0.146696,5790.965,1.6404344,2.7265668
UW CVn,Gaia DR2 1452702598301418112,210.3276323,28.20662674,40.96886975,74.50505464,14.745957,15.11875,14.143467,,1.103022371,0.9066,5250,1.0917563,0.8157993
UX Eri,Gaia DR2 5179913528878335872,47.46987836,-6.892633942,187.696562,-51.43654266,10.720237,11.099668,10.225337,,4.19246048,0.238523,5647,1.5502465,2.2017467
UX Ret,Gaia DR2 4731791312823017728,59.39134405,-54.35742864,264.8885364,-46.66457943,8.3642025,8.606196,7.9820952,,6.50249238,0.153787,6559.6665,2.1595898,7.779725
UY UMa,Gaia DR2 1562252095738259968,206.1534704,55.22175672,107.5840866,60.29366426,12.7388935,12.988856,12.365519,,1.31893927,0.758185,6569.55,1.4157207,3.363507
UZ CMi,Gaia DR2 3089250820739258752,117.7156438,3.650909068,216.4913175,14.87788308,11.547904,11.750148,11.116738,37.20331299,1.796093102,0.556764,6688,1.7361639,5.4332685
UZ Leo,Gaia DR2 3884801084623441152,160.1381709,13.56689632,230.2795882,56.59791677,9.755324,10.007179,9.450561,,2.865005089,0.34904,6545,2.5944886,11.128507
UZ Oct,Gaia DR2 4614466172234668672,70.89982109,-84.81110923,297.8598591,-29.78325279,9.145381,9.4373255,8.713142,,5.861573879,0.170603,6116,1.9291024,4.6911054
V0338 Dra,Gaia DR2 1627177398363670656,237.2967683,60.63460343,93.79791218,45.1546747,16.607676,17.442348,15.367367,,3.742742944,0.267184,3958.5925,,
V0416 Gem,Gaia DR2 3367971207286073600,104.9469924,22.49674002,193.52915,11.79584546,12.609193,13.115414,11.988071,,4.014768246,0.24908,4960.535,0.92353004,0.46527624
V0449 Peg,Gaia DR2 1800868830754091392,324.9294813,28.37753834,79.57931664,-17.9356529,14.991565,15.409553,14.394295,,0.716851047,1.39499,5230.5366,1.5136806,1.54507
V0473 Cam,Gaia DR2 1139994172739421184,109.2702333,77.17388065,137.3757465,27.81810116,11.601364,11.9815,10.988599,,4.773605378,0.209485,5260,1.0685709,0.78748864
V0637 Peg,,,,,,,,,,,,,,
V0951 Per,Gaia DR2 170744436288594560,62.65134256,34.04945508,163.3811,-12.75213588,12.771662,13.383268,12.027395,,4.064763549,0.246017,4758.77,0.9441605,0.4118748
V1003 Her,Gaia DR2 4519217850760871808,283.3231278,21.22580402,52.18960532,9.112476827,9.6270485,9.897877,9.2413025,,3.880892908,0.257673,6266.75,2.2192817,6.84367
V1005 Her,Gaia DR2 1411733248863118720,247.9769324,50.3526562,77.6829366,42.52109982,13.3941555,13.789289,12.852439,,1.949637414,0.512916,5455.5,1.0519248,0.8830848
V1007 Cas,Gaia DR2 395420738256461824,2.013456644,51.13414137,116.0196063,-11.15441246,12.21287,12.606014,11.62701,,3.071970268,0.325524,5276.42,1.2436551,1.0800704
V1009 Per,,,,,,,,,,,,,,
V1033 Her,,,,,,,,,,,,,,
V1044 Her,Gaia DR2 1341162641222391808,257.5743059,38.44455663,62.4412331,35.53758481,12.960251,13.628492,12.176214,,5.028597851,0.198863,4458.127,0.8408947,0.25164464
V1062 Her,,,,,,,,,,,,,,
V1067 Her,Gaia DR2 1349062975865669632,265.7957841,43.45267429,69.50861727,30.21111305,13.018109,13.512011,12.381839,,3.213281076,0.311208,4977.5,0.9475129,0.49648952
V1071 Per,,,,,,,,,,,,,,
V1073 Cyg,Gaia DR2 1855066129714099840,321.2514859,33.68737785,81.12666284,-11.94578783,8.294068,8.512431,7.924331,,5.327884141,0.187692,6983,2.4062047,12.403036
V1094 Cas,,,,,,,,,,,,,,
V1101 Her,,,,,,,,,,,,,,
V1104 Her,Gaia DR2 2122992065148038784,272.4481238,49.04850566,76.731523,26.73097193,13.471438,14.323168,12.480883,,5.395682873,0.185333,4027.3333,0.85100484,0.17164417
V1107 Cas,Gaia DR2 510889593977238784,20.81077414,61.58130303,126.7072691,-1.057086393,12.943083,13.44814,12.288002,,3.125047691,0.319995,4934,1.0315017,0.5681084
V1115 Cas,Gaia DR2 409220055855046784,23.08656759,55.23244621,128.7889415,-7.173410965,14.119074,14.605717,13.459565,,1.46905709,0.680709,4999,1.2346249,0.8576248
V1123 Tau,Gaia DR2 56361520092917376,53.74423127,17.71039803,169.0742982,-30.14920547,9.899894,10.307657,9.4075,,6.245450349,0.160117,5718.3335,1.4768316,2.101041
V1128 Tau,Gaia DR2 37141885040921216,57.36551918,12.91236447,175.8796194,-31.11611673,9.565011,9.916557,9.070279,,10.05535847,0.099449,5732.5,1.0644268,1.1023068
V1139 Cas,Gaia DR2 409622133516650112,23.93531978,55.68692762,129.1911313,-6.645481072,13.2666445,13.725983,12.614684,,2.267941868,0.440928,5014.697,1.1748317,0.78636605
V1167 Her,Gaia DR2 4439783323958670080,245.0130419,7.124197568,20.88437347,36.75434972,9.552966,10.059829,8.92242,,11.91529979,0.083926,4984.41,1.2557997,0.8769816
V1187 Her,,,,,,,,,,,,,,
V1191 Cyg,Gaia DR2 2068647358620451456,304.2119586,41.96156097,78.98662178,3.665122022,10.859261,11.199805,10.410102,,4.518064579,0.221334,5899.3335,1.2266779,1.6419789
V1197 Her,Gaia DR2 1305635874341056512,248.3452262,28.30548393,47.94277852,41.31488188,12.764465,13.245763,12.133168,,3.633309551,0.275231,4972.57,0.94419116,0.49106404
V1222 Tau,Gaia DR2 12491177941817856,52.10729413,9.073337096,174.8785789,-37.49482025,13.677615,14.164869,13.020373,,1.804004801,0.554322,4891.1333,1.3032216,0.8757281
V1320 Cas,,,,,,,,,,,,,,
V1355 Tau,Gaia DR2 3419539195982229376,75.52860335,24.46079362,178.2722961,-10.5523427,13.588264,14.301682,12.751522,,4.011437382,0.249287,4480,0.77815634,0.21975586
V1367 Tau,Gaia DR2 3416621332639542912,82.57952307,23.85729172,182.4721972,-5.606270694,10.968607,11.399504,10.365896,,5.333835801,0.187482,5137.08,1.3553779,1.152606
V1542 Aqr,,,,,,,,,,,,,,
V1695 Aql,Gaia DR2 4210690043276412160,294.5929473,-3.543710245,35.13189594,-12.05353777,10.7856045,11.18338,10.23389,-33.59381945,3.724090352,0.268522,5387.75,1.8844557,2.6958537
V1799 Ori,Gaia DR2 3288861521762554624,71.82579101,6.682268813,191.3265699,-23.74391469,13.125704,13.639475,12.454773,,2.838493049,0.3523,4847.9834,1.0930725,0.5946168
V1848 Ori,Gaia DR2 3239099515275360640,77.15158084,5.205920821,195.7333869,-20.06558554,11.12811,11.590068,10.427048,,7.857304348,0.12727,4903,0.9619253,0.48175365
V1853 Ori,Gaia DR2 3393859139843355904,78.27527831,15.970107,186.8871226,-13.32734853,11.710564,12.07342,11.170757,,2.685564879,0.372361,5535.54,1.6039428,2.176268
V1918 Cyg,Gaia DR2 2136382948543204480,291.5350314,52.44711502,84.06132565,16.24101649,15.638329,15.893785,14.485304,,2.832263718,0.353074,5076,,
V1988 Ori,Gaia DR2 3017264140902280064,83.64667251,-5.575631528,209.1046383,-19.62075642,16.415403,17.515417,14.989105,,2.553194386,0.391666,3828,0.5477265,0.05803767
V2150 Cyg,Gaia DR2 1852007631960413952,319.5453466,30.58931333,77.81047314,-13.04218379,8.069939,8.1964245,7.882866,,5.051697877,0.197953,7676.3335,2.3601131,17.425117
V2240 Cyg,Gaia DR2 2060828598312453120,303.9838232,37.45413817,75.14210972,1.299285399,18.885069,,,,,,,,
V2284 Cyg,Gaia DR2 2129695340869742592,292.4793503,48.916771,80.98442668,14.23881538,12.941214,13.316907,12.400249,,2.212932619,0.451889,5426.767,1.1556995,1.0436366
V2357 Oph,Gaia DR2 4447885522062131584,254.3198517,10.99717134,30.00583561,30.29033301,10.304246,10.702436,9.768295,,4.978487028,0.200864,5376,1.768445,2.3535037
V2364 Cyg,,,,,,,,,,,,,,
V2377 Oph,Gaia DR2 4487581018562341248,263.4826692,8.165509715,31.49984455,20.91919105,13.760422,,,,10.78377842,0.092732,,,
V2612 Oph,Gaia DR2 4477209046201404800,277.3044783,6.787236613,36.48401529,8.015305058,9.284122,9.611093,8.820107,-19.86600974,7.698307011,0.129899,5862.875,1.5069269,2.4172502
V2741 Cyg,,,,,,,,,,,,,,
V2787 Ori,,,,,,,,,,,,,,
V2790 Ori,Gaia DR2 3374103973908764032,93.8808139,19.5893355,191.4920001,1.261893972,11.292522,11.582927,10.642232,-19.3529559,6.133200751,0.163047,5500,0.86397606,0.6153878
V336 TrA,Gaia DR2 5832166332103795072,239.7731211,-63.29697759,322.272163,-7.710024237,19.194613,18.28297,17.164307,,,,,,
V342 UMa,Gaia DR2 837066865176276480,161.3111354,52.28001386,157.4036703,55.55889046,13.417107,13.748636,12.908835,,1.458494171,0.685639,5740.5493,1.2412367,1.5073625
V344 Lac,,,,,,,,,,,,,,
V345 Gem,Gaia DR2 894252632440586880,114.6256165,33.71251191,185.8378323,23.83144398,9.214578,9.601272,8.777718,,10.58132049,0.094506,5823.3335,1.1486703,1.3670115
V351 Peg,Gaia DR2 2814517259052751872,351.3550327,15.68858444,94.39882823,-42.36765169,7.976937,8.139514,7.714014,,5.93022213,0.168628,7344.3335,2.2727785,13.539996
V354 UMa,Gaia DR2 1552544885532472192,203.9102252,49.23487027,104.7845201,66.30672913,10.662043,10.983912,10.182041,,5.327248951,0.187714,5778,1.1915271,1.4256495
V357 Her,Gaia DR2 4505414955430005120,281.1328347,12.92540195,43.72290003,7.361679302,16.176035,,,,,,,,
V357 Peg,Gaia DR2 2852755043652569088,356.3961959,25.47191355,104.7178605,-35.0598796,9.025292,9.173485,8.781118,,4.09481949,0.244211,7524,1.943084,10.901168
V366 Cas,Gaia DR2 413765333848225920,17.10771759,58.73674559,125.1407071,-4.062108126,19.693974,19.052038,17.880716,,-0.532285304,-1.878692,,,
V369 Cep,Gaia DR2 573941496286334976,11.55941379,85.23316214,122.8151074,22.36259165,15.748738,16.108788,15.21551,,0.512925099,1.949602,5665.3604,1.2416179,1.430806
V370 Cep,Gaia DR2 573941466223928832,11.81838749,85.25983807,122.8388784,22.38884041,15.944452,16.393461,15.340931,,0.539035164,1.855167,5103.81,1.3780884,1.1609857
V371 Cep,Gaia DR2 573942909332939136,12.09381253,85.26522648,122.8635663,22.39388296,15.855015,16.386507,15.157482,,0.457686823,2.1849,4852.0625,1.9246105,1.8496345
V376 And,Gaia DR2 450600038527653888,38.79879788,49.86030407,139.5515704,-9.633574587,7.685681,7.848649,7.439071,,5.441723019,0.183765,7240.2466,2.9090767,20.951662
V380 Gem,Gaia DR2 3426102868085225088,94.05337288,25.66544278,186.2111183,4.283233244,13.152256,13.401123,12.472684,,1.905329763,0.524844,5343.3,1.2627678,1.171062
V384 Ser,,,,,,,,,,,,,,
V396 Mon,Gaia DR2 3130193129062856448,99.65204175,3.604748136,208.2607646,-1.204912638,12.240115,12.58236,11.737616,,2.096109839,0.477074,5773.5,1.4666121,2.153188
V400 Lyr,,,,,,,,,,,,,,
V402 Aur,Gaia DR2 157386675678054016,75.56146442,31.26366542,172.7877099,-6.445014056,8.746373,9.002873,8.377983,,5.286671287,0.189155,6282.3823,2.431505,8.297408
V404 Peg,Gaia DR2 1891102451508674304,344.1287391,33.92001759,97.22153883,-23.15072639,10.344715,10.662311,9.931306,,3.65364857,0.273699,6073,1.8079357,4.005657
V407 Peg,Gaia DR2 2819586351255406976,354.23078,15.80177457,97.89781175,-43.41836582,9.409633,9.59444,9.133313,,3.644539067,0.274383,7119.37,2.0274577,9.51403
V409 Hya,Gaia DR2 579059452331499264,137.5398563,3.742874494,226.6823804,32.34983948,11.195974,11.366705,10.633246,,2.236987626,0.44703,5972,2.0670402,4.896342
V410 Aur,Gaia DR2 185042004454012672,75.29474631,34.50701063,170.0644383,-4.649700581,11.248582,11.100653,10.222325,,5.835306379,0.171371,5095.6333,,
V412 Her,Gaia DR2 4570775046187361536,262.6283874,25.90392456,49.24137122,28.42743555,19.805243,19.429081,18.17212,,1.535828928,0.651114,,,
V417 Aql,Gaia DR2 4291363960208299008,293.8514499,5.837815764,43.20601324,-7.03269931,18.67931,,,,-3.556317831,-0.28119,,,
V434 Ori,Gaia DR2 3389241264022170112,80.90408819,12.74440408,191.088579,-12.94197075,10.208179,12.915714,8.743459,,0.428553379,2.333432,3288.5,,
V440 Cas,Gaia DR2 1944777276287998720,354.5191783,51.43278406,111.4492325,-9.795967629,20.345867,20.195215,18.869043,,-3.20439239,-0.312072,,,
V444 And,Gaia DR2 372832195271983744,18.86967568,41.33303662,127.7730481,-21.31262205,12.824553,13.017702,12.477618,,0.865902838,1.154864,7172,1.7459801,7.266653
V445 Cep,Gaia DR2 2230771245784443776,331.7965951,72.37303641,111.1337068,13.37779439,6.7868176,6.8778944,6.681421,,8.880744899,0.112603,8318,,
V453 Mon,Gaia DR2 3106217144153708800,102.6624784,-2.368652333,214.9505411,-1.255038658,10.6546955,10.853575,10.313503,,2.579635702,0.387652,7108.5,1.6191746,6.031064
V454 Dra,,,,,,,,,,,,,,
V455 Dra,,,,,,,,,,,,,,
V471 Cas,Gaia DR2 409219849696621056,23.08538328,55.20545514,128.7926019,-7.200165131,13.505964,13.934826,12.947942,,1.2983381,0.770215,5347.3335,1.571789,1.8198363
V474 Cam,,,,,,,,,,,,,,
V479 Lac,Gaia DR2 1927553838951888384,343.2111944,35.98230045,97.54678393,-20.97642097,12.330155,12.69004,11.743016,,2.674674202,0.373877,5361,1.3033873,1.2642264
V480 Gem,,,,,,,,,,,,,,
V483 And,Gaia DR2 380313895159911296,5.147266595,40.07131504,116.5538111,-22.41808323,11.869807,12.326062,11.260551,,4.156581839,0.240582,5125.23,1.1550276,0.8293406
V499 Peg,,,,,,,,,,,,,,
V502 Her,,,,,,,,,,,,,,
V502 Oph,Gaia DR2 4383725101572110720,250.3368106,0.507702131,17.21562823,28.84938852,8.430588,8.777634,7.980754,,10.33407408,0.096767,5892.3335,1.6453192,2.9399796
V507 Lyr,Gaia DR2 4538986829297849600,280.2020501,28.02730241,57.30744282,14.5182074,14.190853,14.548895,13.66561,,0.876820158,1.140485,5596.7266,1.5293307,2.0674448
V508 Cyg,Gaia DR2 2071533988961124352,308.524855,46.87110371,84.78526129,3.97170158,12.383414,12.99168,11.592505,,0.316600748,3.158552,4596.9595,15.948053,102.32759
V508 Oph,Gaia DR2 4496631923406506240,269.7027094,13.49663845,39.36672683,17.66208753,16.036482,,,,,,,,
V509 Cam,Gaia DR2 1144102119978192128,141.0555308,79.74836371,132.5473146,33.13728849,13.01244,13.30657,12.569621,,1.483768162,0.67396,6461.75,1.1470581,2.0666466
V513 Her,Gaia DR2 4581576652710302336,265.0911644,24.26382154,48.31570351,25.7843978,18.484766,18.33635,17.449886,,0.541328852,1.847306,,,
V523 Aur,Gaia DR2 948697703764134784,111.0146105,41.43392864,176.8679975,23.3533587,13.891022,14.313978,13.216046,,1.789233488,0.558899,4978,1.1380806,0.71657276
V523 Cas,Gaia DR2 415494796916632192,10.02710933,50.23733791,121.0760823,-12.59358308,10.629564,11.183584,9.831071,,14.88819316,0.067167,4436,0.84303486,0.24794306
V524 Mon,Gaia DR2 3115675040093572736,104.7557042,2.215247617,211.8234139,2.696909036,19.3206,19.310389,18.20784,,-1.350356402,-0.740545,,,
V530 And,Gaia DR2 317236356181818368,21.92118724,33.86529718,131.4821787,-28.40395019,12.6898365,12.936078,12.3244705,,1.109940251,0.900949,6477.36,1.7703391,4.970496
V532 Mon,Gaia DR2 3112699241932295296,106.127652,-0.351539372,214.7365542,2.747760333,11.990269,12.2427435,11.569971,,1.535982137,0.651049,6305.3335,1.864858,4.952432
V535 Ara,Gaia DR2 5919495043151406336,264.5225165,-56.82168363,335.1785488,-13.20402965,7.3521585,7.5636716,7.034441,,9.5495498,0.104717,6941.2974,2.09575,9.18621
V539 Dra,,,,,,,,,,,,,,
V542 Aur,Gaia DR2 3451180872895438592,88.13646226,32.54418144,177.6696051,3.131378441,18.00939,18.395214,17.23597,,-0.016448426,-60.796091,,,
V546 And,Gaia DR2 349486372256498816,27.80248351,43.81866375,134.1967527,-17.74180731,11.198152,11.624533,10.636459,,4.092747053,0.244335,5251.3,1.5066022,1.555103
V560 Lac,Gaia DR2 1988889545359787520,342.1352037,50.82621988,103.9372811,-7.456798919,14.488627,14.960475,13.835141,,1.471304507,0.679669,5000.85,1.0388486,0.6080994
V566 Oph,Gaia DR2 4472890168828541952,269.218607,4.987909918,31.17181648,14.40306044,7.5389876,7.838132,7.2394404,,13.43670908,0.074423,6468.3335,1.5720112,3.8974059
V568 Peg,,,,,,,,,,,,,,
V574 Lyr,,,,,,,,,,,,,,
V592 Per,Gaia DR2 202816984311041280,71.13761493,39.87530855,163.7950719,-3.829422504,8.206607,8.5139475,7.77286,28.38430513,6.321553121,0.158189,5897.5,2.9763138,9.654371
V596 Peg,Gaia DR2 2870715256854799232,351.6220905,31.34465147,102.3979681,-28.11752859,11.93275,12.315795,11.332776,,4.07965006,0.245119,5304.5,1.0520602,0.7895029
V599 Aur,Gaia DR2 181350836546742784,77.19510787,32.03563184,173.0042657,-4.869141261,12.029336,12.444865,11.438284,,3.355985042,0.297975,5274.59,1.239832,1.0719516
V604 Car,Gaia DR2 5485514157229578112,108.7112075,-59.26789951,270.1298698,-20.21712714,9.366034,9.668817,8.936896,,5.810693422,0.172096,6028.6,1.8118155,3.9065063
V608 Cas,Gaia DR2 545350624848618496,36.10873606,71.38504185,130.2794348,9.852247334,12.163588,12.579422,11.546236,14.68317784,2.67383084,0.373995,5222.275,1.4982303,1.5041487
V619 Peg,,,,,,,,,,,,,,
V646 Lac,,,,,,,,,,,,,,
V649 Lyr,Gaia DR2 2118237605071936896,276.1122983,45.65034757,73.72045764,23.52578141,14.179678,14.666197,13.545309,,1.694630495,0.590099,4993.5,1.0437417,0.61024046
V658 Lyr,Gaia DR2 2118604498357977088,278.4003503,46.59477586,75.1795828,22.26092737,11.219453,11.540094,10.755759,-0.717098539,3.184285401,0.314042,5810,1.5237138,2.3834503
V677 Cen,Gaia DR2 6101811250900206592,220.6444246,-40.45443414,324.7856077,17.65409106,10.85002,11.171685,10.449559,,4.207123349,0.237692,6060.5,1.2495112,1.8976183
V692 Pup,Gaia DR2 5727489560966648320,122.6612245,-12.83769799,233.7258062,11.10728376,20.294373,19.994596,18.604677,,0.021806403,45.85809,,,
V695 Pup,Gaia DR2 5727488495818303872,122.6920322,-12.88706499,233.7846948,11.10716755,15.358857,15.770128,14.783444,,0.729742333,1.370347,5336,1.1972928,1.0470291
V700 Cyg,Gaia DR2 2064107926079227648,307.7717458,38.78303483,77.93997977,-0.379263917,11.353387,11.623641,10.673515,,6.048332921,0.165335,5412.8667,0.8837327,0.60401237
V701 Mon,Gaia DR2 3056584914395437440,116.6120048,-4.742705654,223.5580699,9.971013553,15.941156,16.229576,15.488599,,0.330574064,3.025041,6250,,
V702 Mon,Gaia DR2 3056584703938574720,116.6364054,-4.754687128,223.5805792,9.986615106,19.370993,19.90173,18.559402,,0.326002193,3.067464,,,
V703 Mon,Gaia DR2 3056678952698904960,116.6414218,-4.707547504,223.5409986,10.01359206,18.991905,19.51618,18.161797,,0.839388315,1.191344,,,
V704 Mon,Gaia DR2 3056678849619698432,116.6924471,-4.700219556,223.5592148,10.06173801,18.28541,18.743244,17.523571,,-3.757592272,-0.266128,,,
V706 Mon,Gaia DR2 3056677891846829824,116.6960856,-4.734741297,223.5917505,10.04837408,16.06959,16.427904,15.519163,,0.318332539,3.141369,5370,,
V709 Mon,Gaia DR2 3056684214038604288,116.713619,-4.601870208,223.4818043,10.12738565,17.14255,17.463652,16.573355,,0.261965204,3.817301,,,
V710 Mon,Gaia DR2 3056679163154609408,116.7158074,-4.693116198,223.564216,10.08557612,19.657364,,,,-1.300704976,-0.768814,,,
V712 Mon,Gaia DR2 3056680876844349696,116.7525367,-4.64554603,223.5396293,10.14050472,17.831076,18.312996,17.142262,,0.055625472,17.977376,,,
V719 Her,Gaia DR2 1355171652014750080,257.4690486,42.9355578,67.93050849,36.15640179,12.337683,12.680888,11.848655,,1.999579721,0.500105,5774.3335,1.4694017,2.1626353
V728 Her,Gaia DR2 1348042457276499840,259.5178134,41.84402705,66.80305855,34.53308255,10.888222,11.103681,10.555835,,2.244061368,0.445621,6751.705,,
V743 Sgr,Gaia DR2 4057558237084582656,265.9826168,-28.497009,0.180877841,0.545312638,20.167206,20.021692,17.76606,,,,,,
V752 Cen,Gaia DR2 3464532418676024192,175.6998486,-35.81637238,287.6249752,25.00684729,12.05402,,,,2.888889964,0.346154,,,
V757 Cen,Gaia DR2 6115779515334499840,207.981592,-36.62383884,316.2535224,24.67824082,8.370609,8.760246,7.880448,,15.09536464,0.066246,5615.25,1.2864909,1.4824653
V776 Cas,Gaia DR2 521747992852872320,28.34788905,70.04264241,128.2106237,7.808399258,8.971443,9.210138,8.631719,,5.770156389,0.173306,6533.1797,1.8549944,5.647787
V781 Tau,Gaia DR2 3430968898528864768,87.55430503,26.96167324,182.2149983,-0.151680403,8.613224,8.921169,8.110775,,12.44502018,0.080353,5797.5,1.3007513,1.7220521
V782 Cep,Gaia DR2 573964762126481408,12.81243012,85.41421462,122.9278471,22.5424661,15.528743,15.933236,14.961759,,0.562570001,1.777557,5350.3335,1.4271774,1.5037444
V783 And,Gaia DR2 2880915632383592064,0.522075963,38.22288544,112.3739924,-23.63503838,14.806434,15.582684,13.943011,,2.694018985,0.371193,4274,0.76165676,0.17440198
V789 Her,,,,,,,,,,,,,,
V796 Cep,Gaia DR2 565778176503496704,25.40217205,80.07190919,125.1808982,17.41993256,12.121713,12.444097,11.6414,,1.972051173,0.507086,5692.035,1.6983192,2.7277443
V797 Cep,Gaia DR2 565778691899560320,25.69882479,80.1312019,125.2204806,17.48841838,14.500721,15.000513,13.84268,,1.493904983,0.669387,4839.66,1.1075966,0.6063417
V803 Aql,Gaia DR2 4205365039766754944,285.1840051,-7.480572919,27.30934237,-5.460228108,19.961061,19.105394,18.226774,,,,,,
V816 Cep,,,,,,,,,,,,,,
V829 Her,Gaia DR2 1338980488598763520,253.9493639,35.18299165,57.86664647,37.90731345,12.952349,,,,5.363193881,0.186456,,,
V839 Oph,Gaia DR2 4481606508598024064,272.3384632,9.151006113,36.43020592,13.47130936,8.825685,9.135123,8.336453,,8.703666455,0.114894,5889.025,1.6305073,2.8808048
V842 Her,Gaia DR2 1400549875578714240,241.5090273,50.18705816,78.52754449,46.61328735,9.970996,10.337123,9.449481,,5.835473198,0.171366,5601,1.6016399,2.2745042
V857 Her,Gaia DR2 1352346392464295168,251.7228951,38.64962306,62.00853305,40.10501205,10.703465,10.89742,10.417702,,2.933368743,0.340905,7038.52,1.4190254,4.4524646
V859 Cyg,Gaia DR2 2026452607791207296,291.8014695,28.94751408,62.61796805,5.718913641,20.5157,,,,,,,,
V860 Aur,,,,,,,,,,,,,,
V861 Her,Gaia DR2 1353295133559926912,252.8033126,41.29948217,65.52947092,39.48121153,13.077103,13.393838,12.575044,,1.481067594,0.675189,5806,1.3946292,1.991225
V865 Cyg,Gaia DR2 2046013705608746624,291.8534434,33.05262087,66.29715986,7.589875882,13.600268,13.949402,13.089794,,1.205199742,0.829738,5766.975,1.3668157,1.8616881
V868 Mon,Gaia DR2 3060915340941636608,114.7700161,-2.651568246,220.806098,9.34553104,9.365213,9.508848,9.181049,,2.872951739,0.348074,7640.25,2.3044302,16.302422
V870 Ara,Gaia DR2 6648949535618124800,272.0943235,-56.76711529,337.1696675,-16.87611736,8.698337,9.020412,8.208874,,9.591558054,0.104258,5760,1.6459355,2.686645
V873 Per,Gaia DR2 336796358803646336,41.78508669,41.37531699,145.1684723,-16.44703052,10.936206,11.38962,10.29347,,7.481111452,0.13367,5021.58,1.0380616,0.6173089
V879 Aql,Gaia DR2 4504180208172326016,282.4929748,10.98113259,42.56764289,5.304404694,20.682562,,,,-0.682623488,-1.464936,,,
V883 Her,Gaia DR2 4595974379520159616,267.694165,28.01427337,53.08467187,24.81672134,17.49747,,,,0.427510146,2.339126,,,
V899 Her,Gaia DR2 1325067886936436224,248.7583582,33.21310051,54.48314979,41.85366313,7.763885,8.019155,7.399128,,5.81177715,0.172064,6248.17,3.5165777,16.980343
V902 Cep,,,,,,,,,,,,,,
V902 Sgr,Gaia DR2 6758703580876877312,291.3093911,-29.15237432,9.464549448,-19.65392669,16.869099,,,,,,,,
V921 Her,Gaia DR2 1407792805347385984,252.3802127,47.10802086,73.07116063,39.89029271,9.427932,9.600086,9.133879,,2.587277415,0.386507,7538,2.5462599,18.859262
V958 Mon,Gaia DR2 3125484019546109568,95.52628732,4.472144581,205.5890424,-4.456169653,15.019284,16.108337,13.895595,,4.649226486,0.21509,3678.875,0.6521744,0.070191145
V972 Her,Gaia DR2 4603986658192566144,269.5206752,32.64793611,58.47571446,24.76380643,6.5397706,6.7819586,6.1930895,,16.45089233,0.060787,6537.5503,1.9910939,6.524367
VSX J045718.3+405643,,,,,,,,,,,,,,
VSX J062624.4+570907,Gaia DR2 998232832899586304,96.60185757,57.15211429,157.7709561,19.2967005,13.037911,13.484914,12.398856,,2.723682223,0.36715,5014.2734,1.0871531,0.6731443
VW Boo,Gaia DR2 1226714132289140352,214.3584893,12.56741121,1.287644804,65.15434288,10.547513,10.979806,9.959692,,6.633343197,0.150754,5210.5,1.2780917,1.0847667
VW Cep,Gaia DR2 2278045985170934016,309.3458106,75.60284315,109.2274147,20.05809366,7.2188497,7.6508217,6.556531,,37.5601819,0.026624,5020,1.1462469,0.75173706
VW LMi,Gaia DR2 733549185449902208,165.716355,30.41517461,198.5828764,66.03998269,8.000309,8.325636,7.728252,,9.048781649,0.110512,6506,1.865558,5.6178284
VW Vul,Gaia DR2 1844515452355529344,314.4389127,25.50771598,70.84203623,-12.96045896,18.540037,18.839294,17.899714,,0.041294264,24.216438,,,
VY Cet,Gaia DR2 5139342408807143168,27.39047728,-19.6247063,186.6226642,-74.71393482,11.049229,11.43378,10.539451,19.84306735,3.732961735,0.267884,5594,1.5281205,2.0601547
VY Sex,Gaia DR2 3802317092402226432,162.6237375,-2.695689232,253.8097651,48.29830277,8.908969,9.229765,8.431434,,8.168786873,0.122417,5875,1.6804754,3.0310318
VZ Lib,Gaia DR2 6264845082720207616,232.9655583,-15.68617708,350.0289956,32.14575663,10.224757,10.624146,9.698999,-24.79595234,3.340478559,0.299358,5442.5,2.6570156,5.580546
VZ Psc,Gaia DR2 2660317625204804480,351.9535064,4.85741503,87.50396552,-52.16689409,9.840239,10.509614,9.050386,,18.43333788,0.05425,4420,0.98990583,0.33695474
VZ Tri,Gaia DR2 324875518157701760,35.37428872,31.97939583,144.335745,-27.12202097,12.241028,12.582206,11.741183,,1.887668912,0.529754,5784.25,1.6212964,2.650988
W UMa,Gaia DR2 1022096392749670016,145.9395923,55.9523927,158.9225743,45.90248212,7.7937016,8.1552515,7.367436,,19.27753231,0.051874,5881,1.1875179,1.5197766
WISE J004327.7+722407,,,,,,,,,,,,,,
WISE J234557.8+510456,,,,,,,,,,,,,,
WZ Cep,Gaia DR2 2228618333299303808,350.6010783,72.91562499,116.4187507,11.17959492,11.267378,11.562822,10.734726,,3.372866219,0.296484,5673.555,1.4822627,2.0510027
WZ Cyg,Gaia DR2 1872716418085288832,313.2783159,38.82801992,80.61538913,-3.735430171,10.533122,10.787038,10.180284,,2.687010344,0.372161,6352.3,2.0540261,6.189143
XX Sex,Gaia DR2 3778810053491507328,154.0090178,-6.307677735,248.7964117,39.70361492,9.36494,9.574481,8.974837,,4.149199825,0.24101,6805.25,1.984389,7.608948
XY Boo,Gaia DR2 1248533596945029504,207.2980928,20.19028082,8.304707683,75.0819121,10.374722,10.655514,9.972812,,4.153819989,0.240742,6067.033,1.5716501,3.0151708
XY Leo,Gaia DR2 623076270045202048,150.4187565,17.40887775,217.797794,49.74091366,9.264239,9.840441,8.565391,,15.90478278,0.062874,4945.8374,1.0961881,0.647775
XY LMi,Gaia DR2 748257661732323584,158.5513386,32.14769914,194.9749853,59.88998975,11.051383,11.34074,10.633698,,2.550299892,0.392111,6148.375,1.823068,4.278996
XZ Leo,Gaia DR2 622859597535110016,150.6424296,17.04643584,218.4418532,49.80410256,10.397571,10.6173525,10.128208,,2.807320579,0.356212,6876.25,1.7861887,6.426226
Y Sex,Gaia DR2 3835185102728741632,150.6998719,1.094517535,238.4918467,41.93740103,9.868602,10.152691,9.522911,13.12268649,2.55537368,0.391332,6465.5,2.8297997,12.60708
YY CMi,Gaia DR2 3090880296971961216,121.6606118,1.929611375,219.9759739,17.57899211,8.65957,8.883308,8.194738,,4.235572746,0.236096,6970,2.5671127,14.012502
YY CrB,Gaia DR2 1376446965790270592,237.6347382,37.8354756,60.48868021,51.13834011,8.586919,8.86309,8.11415,,11.07498492,0.090294,6125.05,1.3163756,2.1973178
YY Eri,Gaia DR2 3191950017134972928,63.03638036,-10.46995136,203.5022775,-40.0411183,8.438673,8.778461,7.886783,,17.76583635,0.056288,5517.25,1.1022443,1.0142407
YZ Phe,Gaia DR2 4955123908498793984,25.60781806,-45.95112094,278.0274754,-68.63314508,12.59029,13.131252,11.901005,,4.908405621,0.203732,4908.3335,0.7830884,0.32066572
ZZ PsA,Gaia DR2 6810113274253206912,327.6463467,-27.80981748,21.13702461,-50.11120739,9.261176,9.555877,8.829431,,7.353142368,0.135996,6100,1.4659286,2.6806474
