Name,J,H,K,Johnson_U,Johnson_B,Johnson_V,Johnson_R,Johnson_I,Sloan_u,Sloan_g,Sloan_r,Sloan_i,Sloan_z
1SWASP J003033.05+574347.6,12.617,11.994,11.856,,,14.89,,,,14.7193,,,
1SWASP J011732.10+525204.9,11.609,10.999,10.827,,,13.98,,,,13.7714,,,
1SWASP J015100.23-100524.2,12.678,12.138,12.026,,,14.35,,,,14.3924,,,
1SWASP J024148.62+372848.3,13.119,12.538,12.466,,,14.62,,,,14.6639,,,
1SWASP J030749.87-365201.7,,,,,,14.65,14.64,,,14.9905,14.64,,
1SWASP J031700.67+190839.6,12.259,11.664,11.503,,,14.06,,,,14.2569,,,
1SWASP J034501.24+493659.9,8.578,8.33,8.288,,10.08,9.61,,,,9.4203,,,
1SWASP J044132.96+440613.7,12.87,12.147,11.931,,,14.19,,,,14.8143,,,
1SWASP J050904.45-074144.4,11.309,10.762,10.582,12.61,14.28,13.3,12.94,,,13.78,12.94,12.61,
1SWASP J052926.88+461147.5,13.071,12.534,12.412,,,14.66,,,,14.9346,,,
1SWASP J064501.21+342154.9,,,,,15.298,14.11,,,,,,,
1SWASP J074658.62+224448.5,12.45,11.928,11.789,,,14.13,,,,14.1965,,,
1SWASP J075102.16+342405.3,,,,,,14.01,,,,14.1903,,,
1SWASP J080150.03+471433.8,11.558,11.003,10.907,,,13.4,,,,13.2783,,,
1SWASP J093010.78+533859.5,7.93,7.394,7.243,,10.52,9.54,12.695,,,,12.695,,
1SWASP J104942.44+141021.5,12.671,12.082,11.993,,,14.31,,,,14.3459,,,
1SWASP J133105.91+121538.0,9.098,8.574,8.481,9.93,11.74,10.667,10.293,,,10.98,10.293,9.93,
1SWASP J133417.80+394314.4,13.042,12.512,12.377,14.359,,14.86,14.709,,17.542,15.618,14.709,14.359,14.201
1SWASP J140533.33+114639.1,14.019,13.487,13.328,15.199,,15.51,15.499,,18.09,16.267,15.499,15.199,15.029
1SWASP J150822.80-054236.9,11.177,10.684,10.609,12.232,,12.45,12.535,,,13.323,12.535,12.232,
1SWASP J151144.56+165426.4,12.675,12.092,11.96,17.583,,14.65,15.02,,18.238,16,15.02,17.583,14.339
1SWASP J155822.10-025604.8,,,,,14.87,13.87,,,,14.2631,,,
1SWASP J160156.04+202821.6,11.995,11.422,11.229,,,13.81,,,,13.8992,,,
1SWASP J161858.05+261303.5,12.33,11.796,11.698,13.55,15.37,14.36,13.95,,,14.81,13.95,13.55,
1SWASP J173828.46+111150.2,,,,,,13.8,,,,,,,
1SWASP J200059.78+054408.9,13.412,12.875,12.764,14.21,16.14,14.92,14.51,,,15.57,14.51,14.21,
1SWASP J200503.05-343726.5,13.295,12.731,12.63,,,15.71,,,,15.0694,,,
1SWASP J210318.76+021002.2,11.535,11.202,11.144,,,13,,,,12.6585,,,
1SWASP J212808.86+151622.0,12.677,12.063,11.904,,16.108,14.49,,,,14.5445,,,
1SWASP J213252.93-441822.6,14.299,13.667,13.622,,,16.69,,,,15.8349,,,
1SWASP J220235.74+311909.7,12.68,12.142,12.027,,,14.02,,,,14.2044,,,
1SWASP J222514.69+361643.0,10.927,10.425,10.319,,,12.63,,,,12.5168,,,
2MASS J00570305+5541588,12.432,12.16,12.066,,,,,,,13.6125,,,
2MASS J00580602+5541451,13.867,13.27,13.197,,,,,,,15.4166,,,
2MASS J02272637+1156494,13.286,12.641,12.476,,16.65,15.11,15.01,,,15.5547,15.01,,
2MASS J02322600+5726420,13.539,13.02,12.87,,17.28,15.78,,,,15.5037,,,
2MASS J02342291+5725468,13.83,13.42,13.28,,16.845,15.625,,,,15.4467,,,
2MASS J03334546+5125596,13.74,13.31,13.13,14.46,17.09,15.63,15.58,,,15.5534,15.58,14.46,
2MASS J06404718-8815211,10.717,10.451,10.427,11.74,12.63,12.26,11.88,,,12.25,11.88,11.74,
2MASS J07070311+1259585,13.254,12.75,12.639,14.299,,,14.601,,17.108,15.323,14.601,14.299,14.157
2MASS J08461143-8833427,10.683,10.107,9.948,12,,,12.39,,,13.07,12.39,12,
2MASS J11201034-2201340,13.88,13.35,13.28,,16,15.31,15,,,15.2997,15,,
2MASS J19090585+4911585,13.8,13.355,13.26,,,,,,,14.9701,,,
2MASS J20004638+0547475,15.63,15.26,14.82,,,,,,,16.9794,,,
2MASS J20034981+4411085,15.19,14.75,14.66,15.91,18.0583,17.1963,16.52,,18.4,17.0278,16.52,15.91,
2MASS J20040017+4414033,15.12,14.67,14.49,15.87,18.2178,17.3317,16.5,,18.55,16.9117,16.5,15.87,
44 Boo,3.42,3.12,3.01,,,,,,,,,,
AA UMa,9.972,9.673,9.605,,11.48,11.71,,,,11.1621,,,
AB And,8.172,7.805,7.665,,10.62,9.5,,,,9.6953,,,
AC Boo,9.004,8.744,8.677,,10.74,10.23,,,,10.0723,,,
AD Cnc,11.435,10.905,10.796,,13.8,13.06,,,,13.0191,,,
AD Phe,9.271,8.944,8.871,,11.06,10.47,,,,10.2872,,,
AE Phe,6.577,6.288,6.181,,8.75,8.15,,,,7.718,,,
AG Vir,7.881,7.807,7.736,,8.78,8.52,,,,8.5854,,,
AH Aur,9.323,9.068,8.994,,10.84,10.24,,,,10.1666,,,
AH Cnc,12.389,12.147,12.085,14.405,13.89,13.333,13.496,,15.193,14.346,13.496,14.405,13.501
AH Tau,10.279,9.917,9.899,,11.59,11.07,11.09,,,11.5184,11.09,,
AH Vir,8.157,7.766,7.591,8.39,9.94,9.22,9.37,,,,9.37,8.39,
AK Her,,,,7.874,9.04,8.51,,,,8.4546,,7.874,
AL Cas,11.037,10.789,10.714,,12.3,,,,,12.4974,,,
AL Lep,8.53,8.339,8.327,,10.027,9.49,,,,9.4314,,,
AM Leo,8.691,8.436,8.363,8.417,9.86,9.33,,,,9.3566,,8.417,
AO Aqr,9.967,9.685,9.598,,12.04,11.4,,,,11.2849,,,
AO Cam,8.97,8.662,8.586,,11.23,10.51,,,,10.3821,,,
AP Aur,10.285,10.203,10.127,,11.33,11,,,,11.0274,,,
AP Leo,8.501,8.267,8.133,8.849,10.07,9.57,,,,9.4672,,8.849,
AP UMi,,,,,,,,,,14.5118,,,
AQ Boo,11.27,10.943,10.88,12.925,12.52,12.15,14.594,,14.984,16.312,14.594,12.925,13.287
AQ Com,13.983,13.678,13.513,15.084,,15.19,15.238,,16.892,15.742,15.238,15.084,15.05
AQ Psc,7.941,7.771,7.686,8.053,9.2,8.69,,,,8.5931,,8.053,
AQ Tuc,9.352,9.188,9.135,,10.44,10.12,,,,10.0243,,,
AR Boo,11.544,11.109,10.994,,,12.86,,,,12.7701,,,
AS CrB,10.554,10.327,10.26,,11.97,11.36,11,,,11.5768,11,,
ASAS J000709+2621.5,11.799,11.616,11.529,12.48,13.19,12.66,12.57,,,12.9,12.57,12.48,
ASAS J002821-1453.3,10.383,10.067,10.049,,11.99,11.28,,,,11.4737,,,
ASAS J012450-3241.4,9.86,9.437,9.334,11.298,12.3,11.25,11.423,,,12.026,11.423,11.298,
ASAS J024155-2507.8,10.597,10.179,10.113,,12.81,11.96,,,,11.8421,,,
ASAS J025115-2525.4,9.496,9.292,9.257,10.13,10.677,10.336,,,,10.1712,,10.13,
ASAS J035020-8017.4,11.132,10.974,10.943,,12.46,11.83,,,,12.0717,,,
ASAS J035803+0620.5,10.395,10.163,10.041,,12.16,11.6,,,,11.6481,,,
ASAS J040633-4729.4,10.679,10.457,10.393,,11.93,11.47,,,,11.4367,,,
ASAS J050334-2521.9,10.298,10.121,10.049,11.082,11.61,11.33,11.165,,,11.144,11.165,11.082,
ASAS J051353-1701.2,10.036,9.716,9.621,,12.29,11.36,,,,11.4092,,,
ASAS J063546+1928.6,9.078,8.882,8.812,,10.74,10.08,,,,10.044,,,
ASAS J071829-0336.7,11.532,10.926,10.719,12.72,15.14,13.83,13.3,,,14.56,13.3,12.72,
ASAS J082243+1927.0,10.36,10.051,10.002,,11.87,11.62,11.325,,,11.303,11.325,,
ASAS J083241+2332.4,11.513,11.236,11.184,,,12.7,12.393,,,12.603,12.393,,
ASAS J102556+2049.3,9.372,9.072,8.984,,11.13,10.66,,,,10.394,,,
ASAS J125340-5010.6,8.612,8.426,8.372,,9.98,9.48,,,,9.4811,,,
ASAS J165139+2255.7,9.691,9.328,9.19,10.68,11.88,11.1,10.89,,,11.47,10.89,10.68,
ASAS J174406+2446.8,,,,,,,,,,,,,
ASAS J212236+0657.3,11.773,11.296,11.187,,,13.27,,,,13.2833,,,
ASAS J212319-4622.4,,,,,,,,,,,,,
ASASSN-V J023009.35+563849.7,,,,,,,,,,,,,
AU Men,9.058,8.744,8.685,,11.02,10.49,,,,10.4056,,,
AU Phe,10.515,10.084,9.961,,13.69,11.53,,,,12.1135,,,
AU Pup,8.414,8.415,8.411,,8.89,8.85,,,,8.9004,,,
AU Ser,9.311,8.945,8.802,,11.76,11.04,10.93,,,10.8765,10.93,,
AV Pup,9.709,9.432,9.315,,11.17,10.68,,,,10.6612,,,
AW CrB,10.201,9.991,9.936,,11.46,11.12,,,,10.8733,,,
AW UMa,6.279,6.14,6.108,,7.27,,6.7,,,6.8608,6.7,,
AW Vir,9.693,9.396,9.28,,11.85,11.3,,,,11.2405,,,
BB Peg,10.215,9.9,9.827,,11.69,11.17,,,,11.0406,,,
BC Gru,9.292,8.848,8.76,,11.46,10.74,,,,10.4788,,,
BD +42 2782,8.331,8.047,7.993,9.183,10.11,9.51,9.303,,,9.3448,9.303,9.183,
BE Cep,11.001,10.672,10.643,,12.94,12.05,,,,11.9791,,,
BF Pav,10.501,10.117,10.004,,12.8,,,,,12.1272,,,
BG Vul,11.13,10.829,10.779,,,12.403,,,,12.5453,,,
BH Cas,10.964,10.633,10.549,,13.26,12.77,,,,12.5425,,,
BI CVn,9.192,8.919,8.837,,10.99,10.31,,,,10.2645,,,
BI Vul,11.734,11.218,11.09,,,,,,,13.1187,,,
BL Eri,10.144,9.839,9.747,11.021,12.13,11.335,11.162,,,11.65,11.162,11.021,
BL Leo,12.092,11.674,11.566,,,13.51,,,,13.5568,,,
BL Vul,6.284,5.273,4.586,,,,,,,11.9864,,,
BM UMa,12.929,12.428,12.309,,,14.03,14.02,,,14.0694,14.02,,
BN Ari,9.414,8.981,8.806,,11.35,10.54,,,,10.4027,,,
BO Ari,9.07,8.824,8.72,9.256,10.55,10.02,9.73,,,9.7534,9.73,9.256,
BO CVn,9.294,9.156,9.099,,9.99,9.66,,,,9.6939,,,
BP Vel,10.936,10.464,10.372,,,,,,,12.5852,,,
BQ Ari,9.451,9.096,9.022,,,,10.3,,,10.5908,10.3,,
BS Cas,10.33,10.054,9.966,,12.34,11.84,,,,11.6853,,,
BU Vel,10.034,9.91,9.845,,11.08,10.78,,,,10.6351,,,
BV Dra,7.265,7.039,6.933,,8.54,,7.7,,,8.0738,7.7,,
BV Eri,7.322,7.199,7.101,,8.69,,,,,8.2122,,,
BW Dra,7.725,7.386,7.275,,9.39,,8.3,,,8.65,8.3,,
BX And,8.487,8.229,8.134,,9.37,8.98,,,,8.8903,,,
BX Dra,9.995,9.835,9.809,,11,10.62,,,,10.6984,,,
BX Peg,9.525,9.139,9.031,,,10.89,,,,11.0087,,,
CC Com,8.986,8.341,8.245,10.085,13.09,11.42,,,,11.1898,,10.085,
CE Leo,10.295,9.837,9.726,,,12.39,,,,12.0332,,,
CK Boo,7.944,7.704,7.649,8.414,9.61,9.029,,,,8.9827,,8.414,
Cl* NGC 104 WSB V95,,,,,,,,,,,,,
Cl* NGC 5139 SAW V206,,,,16.751,17.477,17.187,16.972,,17.651,,16.972,16.751,
Cl* NGC 5139 SAW V208,,,,16.72,17.532,17.285,17.094,,17.635,,17.094,16.72,
Cl* NGC 5139 SAW V236,,,,16.755,17.611,17.292,17.071,,17.695,17.2317,17.071,16.755,
Cl* NGC 6121 SAW V66,14.92,14.43,14.34,15.77,17.77,16.93,16.37,,17.98,,16.37,15.77,
Cl* NGC 6121 SAW V72,14.29,14.13,13.9,15.01,16.46,15.83,15.4,,16.76,,15.4,15.01,
Cl* NGC 6715 SAW V134,,,,18.59,19.59,19.1,,,,,,18.59,
Cl* NGC 6715 SAW V144,,,,18.674,19.6,19.27,,,,,,18.674,
Cl* NGC 6838 YM V1,,,,,19,18.2,,,,,,,
Cl* NGC 6838 YM V2,,,,,18.76,17.8,,,,,,,
Cl* NGC 6838 YM V5,16.41,15.77,15.54,,18.8,17.9,,,,17.5185,,,
CN And,8.67,8.452,8.427,,10.24,9.706,,,,9.6637,,,
CN Hyi,5.742,5.536,5.458,,7.12,6.66,,,,6.556,,,
CRTS J003244.2+244707,,,,,,14.82,,,,14.9072,,,
CRTS J004259.3+410629,16.1,15.5,15.6,16.3,17.8,16.92,16.7,,17.6,,16.7,16.3,
CRTS J014418.3+190625,,,,,,15.97,,,,16.0742,,,
CRTS J020730.1+145623,13.732,13.17,12.99,15.183,17.87,15.79,15.661,,19.4,16.89,15.661,15.183,14.927
CRTS J031642.2+332639,,,,,,14.59,,,,14.8948,,,
CRTS J034705.9+211309,,,,,,15.82,,,,16.0117,,,
CRTS J053317.3+014049,13.233,12.624,12.47,,,14.88,14.83,,,15.3935,14.83,,
CRTS J060855.6+622713,,,,,,15.49,,,,15.6181,,,
CRTS J074350.9+451620,,,,,,15.95,,,,16.4475,,,
CRTS J130945.0+371627,14.098,13.447,13.25,,,16.27,,,,16.3173,,,
CRTS J145224.5+011522,13.26,12.576,12.42,14.371,,15.05,15.046,,19.076,16.463,15.046,14.371,13.994
CRTS J151631.0+382626,14.79,14.25,14.01,16.242,,16.6,16.604,,19.65,17.473,16.604,16.242,16.039
CRTS J224015.4+184738,,,,,,15.45,,,,15.6076,,,
CRTS J232100.1+410736,,,,,,15.03,,,,15.1631,,,
CSS J004004.7+385531,12.305,11.712,11.605,13.38,15.32,14.26,13.86,,,14.76,13.86,13.38,
CSS J015341.9+381641,,,,,,13.47,,,,13.4711,,,
CSS J062803.2+571604,,,,,,13.53,,,,13.5447,,,
CSS J071813.2+505000,,,,,,14.29,,,,14.2574,,,
CSS J075135.6+382028,,,,,,14.24,,,,14.3013,,,
CSS J075205.6+381909,,,,,,14.35,,,,14.5317,,,
CSS J075258.0+382035,11.971,11.76,11.694,12.348,13.444,12.979,12.639,,,13.078,12.639,12.348,
CSS J075350.1+264830,,,,,,13.9,,,,13.9981,,,
CSS J153314.8+560527,11.106,10.62,10.517,,,12.81,,,,12.7204,,,
CSS J171410.0+445850,,,,,,15.38,,,,15.404,,,
CSS J214633.8+120016,,,,,,,,,,,,,
CSS J222157.2+275308,,,,,,15.72,,,,15.7547,,,
CSS J223614+311343,,,,,,,,,,,,,
CSS J224326.0+154532,11.676,11.157,11.015,12.91,14.68,13.69,13.29,,,14.19,13.29,12.91,
CT Eri,9.444,9.277,9.229,,10.7,10.28,,,,10.2586,,,
CU Tau,10.481,10.178,10.117,,12.02,11.23,11.38,,,11.4118,11.38,,
CV Cyg,9.784,9.615,9.549,10.32,,,10.6,,,10.8665,10.6,10.32,
CW Cas,9.496,9.077,8.937,,12.1,11.31,,,,11.201,,,
CW Scl,10.901,10.575,10.494,,12.6,12.21,,,,12.3245,,,
CX Vir,9.371,9.165,9.058,,10.94,10.42,,,,10.3738,,,
DD Com,13.092,12.702,12.586,14.083,,14.6,14.351,,16.443,14.939,14.351,14.083,14.008
DD Ind,10.823,10.502,10.422,,13.2,12.12,12.41,,,12.1763,12.41,,
DE Lyn,11.712,11.358,11.253,,,13.21,,,,13.2177,,,
DF CVn,9.85,9.422,9.335,10.563,11.89,11.032,10.814,,,11.405,10.814,10.563,
DF Hya,10.067,9.708,9.597,,11.45,10.8,,,,10.8033,,,
DK And,11.807,11.634,11.557,,,,,,,12.8972,,,
DK Cyg,9.649,9.5,9.448,,10.98,10.56,,,,10.5553,,,
DN Aur,11.991,11.62,11.56,,,,,,,13.2514,,,
DN Boo,,,,,11.78,11.34,,,,11.0766,,,
DN Cam,7.548,7.394,7.358,,8.68,8.34,,,,8.3409,,,
DS Psc,10.587,10.29,10.165,,12.33,11.77,,,,11.8303,,,
DU Boo,7.966,7.879,7.842,,8.97,8.69,,,,8.699,,,
DX Tuc,8.696,8.481,8.428,9.144,10.13,9.6,9.28,,,9.4981,9.28,9.144,
DY Cet,8.75,8.493,8.492,9.521,10.02,9.59,9.34,,,9.5664,9.34,9.521,
DY CVn,11.544,10.93,10.787,,14.9,13.38,12.4,,,13.613,12.4,,
DZ Lyn,9.393,9.209,9.152,,10.41,10.01,,,,9.9557,,,
DZ Psc,9.964,9.695,9.711,,11.64,11.08,11.11,,,10.9923,11.11,,
EE Cet,8.453,8.168,8.173,8.138,10.12,8.821,9.44,,,9.4545,9.44,8.138,
EF Boo,8.707,8.478,8.41,9.96,9.95,9.45,9.14,,9.96,9.3928,9.14,,
EF CVn,11.965,11.59,11.541,,,13,,,,13.0021,,,
EF Dra,9.534,9.251,9.143,9.95,10.92,10.34,10.16,,,10.59,10.16,9.95,
EH Cnc,11.134,10.925,10.859,,,12.3,11.845,,,11.9092,11.845,,
EH CVn,11.327,10.805,10.682,,,13,,,,12.8499,,,
EH Hya,12.874,12.463,12.352,,,14.33,,,,14.3918,,,
EI Cen,12.859,12.448,12.315,,,,,,,,,,
EK Com,10.892,10.448,10.332,11.593,13,12.166,11.898,,,12.571,11.898,11.593,
EL Aqr,9.803,9.588,9.554,,10.91,10.41,,,,10.482,,,
EM Lac,11.315,10.975,10.957,,12.2,,,,,12.4897,,,
EM Psc,12.276,11.846,11.709,,14.3,13.33,,,,13.4856,,,
EP And,10.545,10.284,10.191,,11.81,11.4,,,,11.4608,,,
EP Cep,15.242,14.776,14.523,15.589,17.538,16.664,16.121,,18.085,16.5421,16.121,15.589,
EPIC 211957146,11.378,11.071,11.016,,,12.62,12.237,,,12.506,12.237,,
eps CrA,4.05,3.79,3.88,,5.19,4.83,,,,4.967,,,
EQ Cep,15.373,14.822,14.69,16.054,17.547,16.703,16.261,,18.887,16.963,16.261,16.054,16.011
EQ Tau,9.81,9.537,9.434,,12.04,11.18,,,,11.1596,,,
ER Cep,14.123,13.715,13.616,15.177,16.635,15.809,15.514,,17.65,16.132,15.514,15.177,15.153
ER Ori,8.29,8.032,7.973,,10.02,9.46,,,,9.4488,,,
ES Cep,,,,15.188,16.549,15.872,15.586,,17.84,16.234,15.586,15.188,14.982
ES Lib,6.732,6.604,6.537,,7.47,7.25,,,,7.1857,,,
ET Leo,8.158,7.803,7.706,8.734,10.21,9.558,,,,9.3672,,8.734,
EX Leo,7.332,7.115,7.047,7.633,8.73,8.242,,,,8.1432,,7.633,
EX Psc,12.375,11.935,11.87,,,13.78,13.94,,,13.8876,13.94,,
EZ Hya,9.378,9.084,8.936,9.842,11.39,10.56,,,,10.566,,9.842,
FG Hya,8.877,8.568,8.527,9.401,10.62,10.04,,,,10.0591,,9.401,
FG Sct,10.849,10.242,10.143,,,,,,,12.7826,,,
FI Boo,8.209,7.902,7.871,,10.16,9.49,,,,9.3756,,,
FI Lyn,8.391,8.156,8.035,,10.29,9.67,,,,9.5482,,,
FN Cam,7.908,7.785,7.708,,9.03,8.64,,,,8.6591,,,
FO Hya,10.363,10.218,10.128,11.081,11.31,11.05,11.168,,,11.354,11.168,11.081,
FP Boo,9.241,9.08,9.034,,10.53,10.14,,,,10.0648,,,
FP Lyn,10.242,9.912,9.794,,11.93,11.34,,,,11.1933,,,
FS CrA,11.941,11.332,11.2,,,,,,,13.3249,,,
FS Lup,9.134,8.787,8.696,,11.09,10.4,,,,10.3675,,,
FT Lup,9.012,8.762,8.696,,10.27,9.82,,,,9.8155,,,
FT UMa,8.385,8.224,8.178,,9.64,9.2,9,,,9.1884,9,,
FU Dra,9.684,9.315,9.216,,,,10.1,,,10.5237,10.1,,
FV CVn,11.039,10.655,10.589,,12,,12.2,,,12.3419,12.2,,
FZ Ori,9.639,9.366,9.297,,11.18,10.53,,,,10.6612,,,
GK Aqr,10.631,10.213,10.055,,12.4,12.25,,,,12.0617,,,
GM Dra,7.736,7.484,7.441,11.813,9.3,8.77,12.734,,10.167,12.572,12.734,11.813,9.801
GN Boo,9.489,9.109,9.026,,12.04,11.12,,,,10.8654,,,
GQ Boo,11.817,11.516,11.469,,,12.82,,,,12.7593,,,
GR Boo,10.037,9.707,9.604,,12.09,11.51,,,,11.3672,,,
GR Vir,7.048,6.806,6.762,7.34,8.54,8,,,,7.8984,,7.34,
GSC 01387-00475,,,,,,,,,,,,,
GSC 02049-01164,,,,,,,,,,,,,
GSC 02137-0222,12.223,11.845,11.727,,12.6,,,,,13.3691,,,
GSC 02265-01456,,,,,,,,,,,,,
GSC 03122-02426,13.104,12.69,12.549,,,14.73,14.73,,,14.7703,14.73,,
GSC 03517-00663,11.508,11.167,11.069,12.51,13.92,13.12,12.73,,,13.3,12.73,12.51,
GSC 03553-00845,11.676,11.44,11.36,12.73,13.69,12.99,12.9,,,13.39,12.9,12.73,
GSC 04984-00564,12.722,12.255,12.12,13.774,15.6,14.21,14.052,,16.638,14.8,14.052,13.774,13.682
GSC 0763-0572,9.866,9.629,9.541,,11.27,10.6,,,,10.7459,,,
GSC 0804-0118,12.579,12.32,12.202,,13.8,13.77,,,,13.7137,,,
GSC 1042-2191,8.355,8.275,8.154,,9.74,9.31,,,,9.2547,,,
GSC 1537-1557,11.704,11.32,11.228,,13,12.67,,,,12.6667,,,
GSC 2362-2866,12.007,11.466,11.369,,13.45,13.22,,,,13.5597,,,
GSC 2576-0319,10.418,10.135,10.039,,12,11.52,,,,11.4856,,,
GSC 2584-1731,,,,,,,,,,,,,
GSC 2723-2376,11.858,11.419,11.327,,,13.02,,,,13.2407,,,
GSC 27765-0348,,,,,,,,,,,,,
GSC 2936-0478,12.081,11.791,11.707,,13.6,13.34,,,,13.2708,,,
GSC 3034-299,10.308,10.02,9.939,,12.14,11.51,,,,11.5297,,,
GSC 3208-1986,10.527,10.342,10.245,,11.67,11.2,,,,11.1971,,,
GSC 3408-0735,,,,,,,,,,,,,
GSC 3581-1856,9.362,8.86,8.795,,11.98,10.834,,,,10.761,,,
GSC 3599-2569,,,,,,,,,,,,,
GSC 4778-152,11.06,10.84,10.607,,12.53,12.18,11.77,,,,11.77,,
GSC 4946-0765,,,,,,13.73,,,,13.7576,,,
GSC 963-246,10.615,10.351,10.259,,12.14,11.6,,,,11.4332,,,
GU Mon,10.885,10.825,10.755,11.45,11.91,11.57,11.51,,,11.7,11.51,11.45,
GU Ori,11.248,10.969,10.889,,,,,,,12.5181,,,
GV Leo,10.056,9.659,9.552,,12.22,11.73,,,,11.4444,,,
GW Cep,10.297,9.969,9.923,,11.72,11.21,,,,11.2589,,,
GW Cnc,11.272,10.94,10.843,,,12.77,12.557,,,12.5394,12.557,,
GW Leo,11.177,10.913,10.839,,12.49,11.5,,,,12.2297,,,
GW Tau,9.627,9.427,9.305,,11.59,10.86,10.42,,,10.8359,10.42,,
GZ And,,,,,12.23,11.1,,,,10.9253,,,
GZ Pup,9.839,9.516,9.41,,11.84,11.18,,,,11.2008,,,
HH Boo,10.069,9.688,9.578,10.596,11.8,11.021,10.84,,,11.361,10.84,10.596,
HH UMa,9.592,9.342,9.294,,10.92,10.39,,,,10.5891,,,
HI Dra,8.338,8.241,8.215,,9.3,9.01,,,,8.9847,,,
HI Pup,9.416,9.17,9.067,,11.09,10.54,,,,10.4858,,,
HL Lyn,,,,,,13.57,,,,13.6046,,,
HN Psc,9.612,9.308,9.21,,11.24,10.55,10.85,,,10.5743,10.85,,
HN UMa,8.866,8.663,8.568,,10.33,9.83,,,,9.7574,,,
HO Psc,9.659,9.29,9.215,,11,11.5,,,,11.2436,,,
HR Boo,12.445,12.07,12.013,,,13.32,,,,13.3247,,,
HR CVn,13.013,12.482,12.328,14.417,,15.34,14.804,,17.98,15.81,14.804,14.417,14.202
HT Vir,6.113,5.846,5.789,,8.92,8.54,8.03,,,,8.03,,
HV Aqr,8.912,8.559,8.505,9.148,10.5,9.99,,,,9.8718,,9.148,
HV UMa,8.177,8.12,8.031,,8.9,8.64,,,,8.605,,,
HX UMa,7.904,7.68,7.631,,9.31,8.88,,,,8.8149,,,
HY Pav,10.137,9.746,9.663,,12.6,11.83,,,,11.4809,,,
II Aps,9.567,9.16,9.093,,11.93,11.22,,,,10.9671,,,
II CMa,12.883,12.264,12.128,13.84,,,,,,14.9726,,13.84,
II Per,12.428,12.089,11.995,,,,,,,13.1675,,,
II UMa,7.496,7.307,7.285,8.02,9.34,8.7,8.72,,,8.2665,8.72,8.02,
IK Boo,10.222,9.86,9.805,,12.23,11.63,11.5,,,11.2623,11.5,,
IK Per,9.637,9.371,9.272,,12.17,11.49,,,,11.0772,,,
IR Vir,10.423,10.106,9.974,,12.2,11.92,,,,11.6973,,,
IV Dra,11.618,11.142,10.981,,14.27,13.32,,,,13.2705,,,
KAO-EGYPT J225702.44+523222.1,,,,,,,,,,,,,
KIC 10007533,13.016,12.842,12.798,,,,,,,13.8793,,,
KIC 10229723,11.067,10.869,10.811,11.374,12.26,12.31,,,,11.8351,,11.374,
KIC 10267044,13.393,13.162,13.192,13.549,14.72,14.186,14.27,,,14.098,14.27,13.549,
KIC 10395609,13.338,13.054,13.056,14.128,14.995,14.653,14.515,,,14.1788,14.515,14.128,
KIC 10596883,13.441,13.303,13.215,,,,,,,14.1183,,,
KIC 10618253,12.013,11.827,11.757,10.818,,11.855,,,,12.8581,,10.818,
KIC 11097678,12.357,12.148,,,,,,,,13.2576,,,
KIC 11144556,12.647,12.488,12.424,12.939,,13.575,,,,13.5887,,12.939,
KIC 12055014,12.697,12.46,12.41,13.084,,13.664,,,,13.4822,,13.084,
KIC 12055255,13.825,13.141,12.952,,,,,,,15.8326,,,
KIC 12352712,15.879,15.534,15.508,,,,,,,16.6285,,,
KIC 1572353,13.586,12.962,12.835,,,,,,,15.215,,,
KIC 2159783,13.809,13.504,13.44,,,,,,,14.9743,,,
KIC 3104113,12.396,12.192,12.133,,,,,,,13.5371,,,
KIC 3127873,14.06,13.798,13.737,,,,,,,15.2144,,,
KIC 3221207,11.431,11.224,11.173,11.203,12.85,12.9,,,,12.1582,,11.203,
KIC 4244929,13.958,13.649,13.572,,,,,,,15.0717,,,
KIC 5439790,12.257,12.089,12.055,12.873,,13.483,,,,13.3595,,12.873,
KIC 5809868,11.848,11.706,11.655,11.653,,12.718,,,,12.7326,,11.653,
KIC 6050116,12.659,12.109,12.023,,,,,,,14.3824,,,
KIC 6118779,14.226,13.827,13.787,,,,,,,15.6621,,,
KIC 6309193,12.438,12.04,11.986,,,,,,,13.7316,,,
KIC 6677225,12.692,12.517,12.462,13.149,,13.599,,,,13.5368,,13.149,
KIC 7601767,,,,,,,,,,14.4772,,,
KIC 7698650,14.151,13.89,13.809,,,,,,,15.1537,,,
KIC 8108785,13.126,12.482,12.343,14.44,16.62,15.28,14.79,,,16.03,14.79,14.44,
KIC 8145477,13.881,13.715,13.59,,,,,,,14.7265,,,
KIC 8265951,11.573,11.396,11.323,11.766,12.91,12.515,,,,12.581,,11.766,
KIC 8496820,11.598,11.382,11.331,11.887,,12.508,,,,12.4931,,11.887,
KIC 8539720,12.035,11.87,11.8,12.317,13.47,12.953,13.125,,,12.8128,13.125,12.317,
KIC 8804824,14.114,13.867,13.819,,14.965,,14.45,,,14.7275,14.45,,
KIC 9151972,14.239,13.926,13.761,,,,,,,15.3938,,,
KIC 9350889,12.822,12.677,12.604,,,,,,,13.5896,,,
KIC 9453192,13.12,12.948,12.848,13.589,14.745,14.104,14.195,,,13.8565,14.195,13.589,
KIC 9832227,11.298,11.033,10.998,11.65,,12.369,,,,12.2926,,11.65,
KN Per,10.52,10.352,10.283,,11.79,11.41,,,,11.5072,,,
LO And,10.094,9.8,9.706,,11.95,11.25,,,,11.223,,,
LO Com,11.9,11.44,11.396,,14,13.29,12.5,,,13.2863,12.5,,
LP Com,11.751,11.306,11.233,12.879,13.5,13.369,13.078,,,13.665,13.078,12.879,
LP UMa,11.392,11.073,10.992,13.7,,,14.096,,14.777,13.34,14.096,13.7,12.834
LR Cam,9.563,9.28,9.16,,11.39,10.61,,,,10.58,,,
LS Del,7.605,7.358,7.297,8.054,9.178,8.722,8.3,,,8.5819,8.3,8.054,
LT Pav,10.613,10.349,10.269,,,,,,,11.5517,,,
LU Lac,12.55,12.136,11.994,13.85,15.26,14.34,14.13,,,14.86,14.13,13.85,
LZ Dra,10.584,10.279,10.236,,12.91,12.28,,,,11.731,,,
LZ Her,12.176,11.83,11.769,,,13.48,,,,13.4789,,,
Mis V1395,,,,,,,,,,,,,
MQ Peg,12.592,12.331,12.258,,,13.32,13.22,,,13.3467,13.22,,
MQ UMa,10.616,10.402,10.387,,11.77,11.22,,,,11.4118,,,
MR Com,11.259,11.035,10.928,,13.31,12.36,,,,12.1015,,,
MW And,12.521,12.025,11.98,,,14,,,,,,,
MW Pav,7.954,7.776,7.725,,9.15,8.79,,,,8.7285,,,
MX Peg,15.023,14.785,14.685,,,16.13,,,,16.3111,,,
NEV 64,,,,,,,,,,,,,
NGC 6397 V7,,,,,,,,,,,,,
NGC 6397 V8,,,,,,,,,,,,,
NGC 7789 V12,,,,,,,,,,,,,
NN Vir,7.06,6.934,6.82,,8.02,7.63,,,,7.5532,,,
NO Cam,11.033,10.813,10.739,,,12.23,,,,12.2753,,,
NR Cam,9.399,8.954,8.87,,11.77,10.97,,,,10.7933,,,
NSV 1000,,,,,13.5,,,,,,,,
NSV 3744,12.058,11.905,11.874,,13.7,12.86,,,,12.7055,,,
NSV 395,13.771,13.31,13.186,,,,,,,15.3812,,,
NSVS 10632802,12.773,12.229,12.036,14.497,,14.66,14.47,,17.633,15.451,14.47,14.497,13.914
NSVS 11234970,,,,,,,,,,,,,
NSVS 113026,,,,,,,,,,,,,
NSVS 10971359,,,,,,13.31,,,,,,,
NSVS 1461538,11.763,11.384,11.285,,,,,,,13.069,,,
NSVS 1557555,7.624,7.226,7.103,,10.27,9.41,,,,9.1303,,,
NSVS 1768818,10.431,10.11,9.969,,12.06,11.97,,,,11.4272,,,
NSVS 1917038,,,,,,,,,,,,,
NSVS 1926064,9.904,9.608,9.527,,12.07,11.63,,,,11.298,,,
NSVS 2175434,,,,,,,,,,13.8097,,,
NSVS 2244206,,,,,,11.997,,,,,,,
NSVS 2256852,10.845,10.674,10.619,,12.42,12.53,,,,11.7965,,,
NSVS 2459652,10.974,10.468,10.344,,,,,,,12.3699,,,
NSVS 2569022,9.255,8.918,8.838,,10.88,10.28,,,,10.1784,,,
NSVS 2607629,10.547,10.055,9.959,,,,,,,12.2681,,,
NSVS 2669503,11.62,11.021,10.921,,,13.37,,,,13.3413,,,
NSVS 2700153,11.579,11.036,10.944,12.52,14.39,13.27,13,,,13.93,13,12.52,
NSVS 2701634,9.894,9.384,9.24,11.06,12.49,11.99,11.379,,15.083,12.294,11.379,11.06,12.592
NSVS 2729229,,,,,,,,,,14.2264,,,
NSVS 3198272,9.988,9.698,9.647,,11.49,10.92,,,,10.8056,,,
NSVS 3325547,10.665,10.344,10.296,,12.39,11.72,,,,11.8039,,,
NSVS 3640326,11.318,10.959,10.85,,12.82,11.97,,,,12.209,,,
NSVS 3777464,,,,,,,,,,,,,
NSVS 3853195,12.28,11.943,11.861,,,13.52,,,,13.6452,,,
NSVS 4161544,8.631,8.448,8.293,,10.49,9.87,,,,9.7104,,,
NSVS 4316778,,,,,,,,,,,,,
NSVS 4484038,,,,,,,12.5,,,12.6924,12.5,,
NSVS 4666412,,,,,,,,,,,,,
NSVS 4726498,,,,,,,,,,,,,
NSVS 4808227,10.68,10.418,10.333,,,12.21,,,,12.0122,,,
NSVS 5066754,11.39,11.08,10.976,12.48,13.43,12.507,12.66,,,13.07,12.66,12.48,
NSVS 5810460,11.198,10.72,10.665,,,,,,,12.6844,,,
NSVS 667994,,,,,,,,,,,,,
NSVS 6859986,11.199,10.834,10.73,,,,,,,12.3399,,,
NSVS 7051868,9.129,8.963,8.873,,10.7,10.19,,,,10.061,,,
NSVS 7179685,13.254,12.612,12.456,,,,15.64,,,15.3387,15.64,,
NSVS 7328383,,,,,,,,,,,,,
NSVS 7377875,,,,,,,,,,,,,
NSVS 8040227,11.957,11.372,11.252,,,13.78,,,,13.7529,,,
NSVS 8626028,11.807,11.166,11.038,13.32,15.56,14.36,13.84,,,14.96,13.84,13.32,
NSVS 9045055,,,,,,13.4,,,,13.5113,,,
NSVS 908513,,,,,,,,,,,,,
NSVS 925605,10.745,10.068,9.882,12.69,15.9,14.24,13.66,,,15.15,13.66,12.69,
NW Aps,8.129,7.882,7.771,,9.8,9.15,,,,9.0838,,,
OGLE BW1 V26,,,,15.544,,16.635,,,,16.3437,,15.544,
OGLE BW1 V37,,,,15.757,,16.776,,,,16.5194,,15.757,
OGLE BW1 V38,,,,15.7,,16.938,,,,16.7422,,15.7,
OGLE BW1 V48,,,,15.88,,17.058,,,,16.908,,15.88,
OGLE BW1 V69,,,,16.217,,17.484,,,,17.2525,,16.217,
OGLE BW1 V79,,,,16.411,,17.65,,,,17.583,,16.411,
OGLE GD-ECL-04451,,,,13.81,,14.141,,,,,,13.81,
OGLE J003835.24-735413.2,14.303,13.776,13.672,14.85,16.86,15.89,,,,15.7637,,14.85,
OGLE J004619.65-725056.2,,,,12.71,14.19,13.55,,,,13.5803,,12.71,
OGLE J050542.01-691725.9,,,,15.211,,16.276,15.85,,,,15.85,15.211,
OGLE J051206.93-685645.1,,,,18.463,,18.473,18.54,,,,18.54,18.463,
OGLE J053247.54-694403.1,15.288,14.738,14.674,16.424,,17.18,16.99,,,,16.99,16.424,
OGLE J053251.73-700256.2,,,,16.693,,17.71,17.06,,,,17.06,16.693,
OGLE J053540.37-695413.9,15.061,14.547,14.518,15.495,,16.319,15.84,,,16.3447,15.84,15.495,
OGLE J054701.27-705623.3,,,,18.204,,18.216,18.34,,,18.56,18.34,18.204,
OO Aql,7.943,7.625,7.503,8.762,10.26,9.49,,,,9.4775,,8.762,
OQ Cam,9.638,9.351,9.292,,11.82,11.16,,,,10.7436,,,
OU Ser,6.946,6.682,6.57,7.494,8.84,8.266,7.8,,,8.0822,7.8,7.494,
OW Leo,11.624,11.302,11.22,,,12.85,,,,12.8195,,,
PP Lac,10.653,10.334,10.244,,12.65,11.85,,,,11.6655,,,
PY Aqr,11.695,11.414,11.311,,13,12.72,,,,12.8333,,,
PY Boo,10.685,10.168,10.06,11.78,13.38,12.4,12.08,,,12.91,12.08,11.78,
PY Lyr,12.024,11.755,11.684,,,,,,,12.9882,,,
PY Vir,8.12,7.667,7.548,9.296,10.67,9.84,9.681,,,10.347,9.681,9.296,
PZ UMa,11.421,11.024,10.966,,12.5,12.71,,,,12.5892,,,
QT UMa,10.282,9.893,9.845,,11.84,11.15,,,,11.148,,,
QW Gem,,,,,11.3,10.78,10,,,10.4263,10,,
QX And,10.393,10.225,10.163,,11.91,11.43,11.23,,,11.2929,11.23,,
ROTSE1 J164341.65+251748.1,12.53,12.204,12.157,,,13.77,,,,13.8723,,,
ROTSE1 J180616.31+280109.1,11.851,11.68,11.613,,,,,,,12.7493,,,
RR Cen,6.765,6.652,6.574,7.7,7.65,7.29,,,7.7,7.3825,,,
RS Col,8.614,8.385,8.234,,10.27,9.67,,,,9.5086,,,
RT LMi,,,,,12.11,11.35,10.99,,,11.4827,10.99,,
RV CVn,12.527,11.96,11.842,,15.02,13.84,13.57,,,13.8545,13.57,,
RV Psc,10.216,9.958,9.885,,12.28,11.82,11.42,,,11.4928,11.42,,
RW Com,9.795,9.25,9.177,11.009,12.33,11.682,11.317,,,11.964,11.317,11.009,
RW Dor,9.282,8.781,8.709,10.111,11.85,11.16,8.66,,,10.9145,8.66,10.111,
RW PsA,9.952,9.586,9.498,,11.93,11.16,,,,11.0294,,,
RZ Com,9.326,9.102,9.002,,11.09,10.57,,,,10.5407,,,
RZ Tau,8.895,8.679,8.587,,10.79,10.19,,,,10.2518,,,
S Ant,6.087,5.96,5.865,,6.77,6.45,,,,6.4964,,,
SDSS J012119.10-001949.9,14.072,13.365,13.254,15.537,,15.69,16.089,,20.009,17.404,16.089,15.537,15.255
SS Ari,8.895,8.685,8.589,,11,10.15,,,,10.2289,,,
SS Com,10.012,9.8,9.738,,11.33,11,,,,10.8131,,,
ST Ind,10.396,10.185,10.103,,11.83,11.12,,,,11.3477,,,
SW Lac,7.209,6.823,6.703,,9.65,8.51,,,,8.9455,,,
SX Crv,7.927,7.66,7.585,8.412,9.56,9.108,,,,8.8517,,8.412,
SY Hor,9.745,9.358,9.243,10.906,11.96,11.36,11.141,,,11.785,11.141,10.906,
SZ Hor,10.465,10.288,10.248,,11.62,11.21,,,,11.211,,,
TT Cet,10.707,10.49,10.457,,11.35,10.91,,,,11.1867,,,
TU Boo,10.306,10.002,9.934,,12.22,11.61,12.09,,,11.4952,12.09,,
TV Mus,8.905,8.547,8.395,9.712,11.48,10.75,,,,10.4792,,9.712,
TW Cet,9.449,9.037,8.957,9.787,11.25,10.61,,,,10.4175,,9.787,
TW Cru,10.924,10.574,10.473,,,,,,,12.3511,,,
TX Cnc,9.053,8.767,8.698,,10.71,9.97,9.88,,,10.0396,9.88,,
TY Boo,10.021,9.623,9.554,,12.03,11.39,11.38,,,11.3934,11.38,,
TY Pup,7.662,7.493,7.405,,8.99,8.6,,,,8.5946,,,
TY UMa,10.652,10.382,10.283,,12.42,11.59,,,,11.5629,,,
TYC 01963-0488-1,10.54,10.378,10.323,,11.79,11.51,,,,11.35,,,
TYC 1397-1030-1,9.794,9.391,9.272,,12.09,12.11,11,,,11.1111,11,,
TYC 1597-2327-1,11.069,10.645,10.56,,13.5,12.68,13.17,,,12.3702,13.17,,
TYC 1664-110-1,9.668,9.202,9.065,10.859,12.54,11.83,11.113,,,11.824,11.113,10.859,
TYC 2675-663-1,10.473,10.175,10.116,,11.87,11.23,,,,11.489,,,
TYC 3836-0854-1,9.388,9.153,9.131,,10.54,10.047,,,,10.0192,,,
TYC 4157-0683-1,9.234,9.087,8.965,12.284,10.77,10.29,10.098,,11.767,10.524,10.098,12.284,12.811
TYC 4377-482-1,10.436,10.109,10.017,,12.04,11.78,,,,11.5906,,,
TYC 5532-1333-1,10.147,9.951,9.918,10.864,11.491,11.01,10.67,,,11.0542,10.67,10.864,
TYC 6408-989-1,11.215,11.007,10.928,,11.96,12.064,,,,11.757,,,
TZ Boo,9.462,9.098,9.008,,10.6,,,,,10.5159,,,
U Peg,8.416,8.175,8.063,8.97,10.26,9.63,,,,9.5924,,8.97,
UCAC2 31686238,,,,,,,15.62,,,,15.62,,
UCAC2 31686253,11.28,10.93,10.889,11.716,13.06,12.453,12.075,,13.041,12.3236,12.075,11.716,
UCAC4 436-062932,13.375,12.959,12.825,14.33,16.02,15.02,14.73,,,15.49,14.73,14.33,
UCAC4 440-022220,,,,,,15.81,15.471,,,16.019,15.471,,
UCAC4 479-113658,,,,,,,,,,,,,
UCAC4 479-113711,,,,,,,,,,,,,
UCAC4 525-135123,,,,,,,,,,,,,
USNO-A2.0 1200-18678842,13.288,12.962,12.853,,15.7,15.1,,,,14.5863,,,
USNO-A2.0 1350-17365531,,,,,,,,,,,,,
USNO-A2.0 1575-02740973,14.436,14.14,14.02,,15.7,,15.1,,,15.2322,15.1,,
USNO-B1.0 1395-0370184,,,,,17.1,,15,,,15.9084,15,,
USNO-B1.0 1395-0370731,,,,,17,,15.3,,,15.4204,15.3,,
USNO-B1.0 1411-00397871,14.328,13.845,13.733,15.522,17.13,16.04,15.82,,18.729,16.85,15.82,15.522,15.257
USNO-B1.0 1452-00049820,,,,,15.7,,14.4,,,14.3175,14.4,,
UU Lyn,10.612,10.376,10.295,,12,11.57,,,,11.5422,,,
UV Lyn,8.528,8.277,8.204,,10.23,9.56,,,,9.4218,,,
UW CVn,13.338,12.964,12.857,14.581,,14.68,14.854,,16.802,15.365,14.854,14.581,14.503
UX Eri,9.746,9.456,9.372,,11.61,10.97,,,,10.7202,,,
UX Ret,7.36,7.214,7.114,,8.87,8.42,,,,8.3642,,,
UY UMa,11.824,11.614,11.585,,,12.9,,,,12.7389,,,
UZ CMi,10.56,10.351,10.307,,11.78,11.18,,,,11.5479,,,
UZ Leo,9.321,9.157,9.113,,10.13,9.75,,,,9.7553,,,
UZ Oct,8.094,7.898,7.86,,9.72,9.21,,,,9.1454,,,
V0338 Dra,11.594,11.03,10.892,,13.3,13.38,,,,13.3866,,,
V0416 Gem,11.021,10.564,10.471,,12.1,,,,,12.6092,,,
V0449 Peg,13.629,13.269,13.193,,15.5,,14.6,,,14.9916,14.6,,
V0473 Cam,10.39,9.974,9.884,,,11.536,,,,11.6014,,,
V0637 Peg,11.233,10.792,10.677,,,12.86,,,,12.8168,,,
V0951 Per,10.883,10.33,10.224,12.358,14.36,12.57,12.788,,,13.653,12.788,12.358,
V1003 Her,8.789,8.648,8.555,,10.2,9.79,,,,9.627,,,
V1005 Her,12.025,11.649,11.573,,,13.39,,,,13.3942,,,
V1007 Cas,10.961,10.612,10.501,,13.4,11.997,,,,12.2129,,,
V1009 Per,,,,,,13.74,,,,14.8955,,,
V1033 Her,10.774,10.388,10.287,11.409,,12.04,11.626,,,12.232,11.626,11.409,
V1044 Her,10.99,10.392,10.28,,13,13.02,,,,12.9603,,,
V1062 Her,11.908,11.435,11.317,,13.2,13.5,,,,13.5468,,,
V1067 Her,11.796,11.304,11.206,13.025,,13.513,13.197,,,14.042,13.197,13.025,
V1071 Per,9.592,9.237,9.113,,11.92,11.03,,,,10.8958,,,
V1073 Cyg,7.462,7.303,7.251,,8.78,8.38,,,,8.2941,,,
V1094 Cas,11.71,11.5,11.41,,,,12.72,,,12.5561,12.72,,
V1101 Her,10.81,10.591,10.511,12.086,12.48,12.259,12.068,,,12.609,12.068,12.086,
V1104 Her,11.362,10.71,10.56,12.873,14,13.51,13.499,,,14.722,13.499,12.873,
V1107 Cas,11.25,10.806,10.717,11.98,13.76,12.88,12.92,,,12.9431,12.92,11.98,
V1115 Cas,12.779,12.322,12.198,,,,,,,14.1191,,,
V1123 Tau,8.62,8.373,8.377,8.94,11.07,10.14,9.65,,,9.8999,9.65,8.94,
V1128 Tau,8.848,8.475,8.394,,10.3,9.64,,,,9.565,,,
V1139 Cas,11.757,11.33,11.243,,13.7,13.2,,,,13.2666,,,
V1167 Her,8.054,7.589,7.463,9.285,10.85,9.87,9.711,,,9.553,9.711,9.285,
V1187 Her,10.486,10.201,10.145,,11.99,11.51,11.51,,,11.5241,11.51,,
V1191 Cyg,9.824,9.558,9.506,,11.41,10.99,,,,10.8593,,,
V1197 Her,11.226,10.742,10.646,,13.2,12.78,,,,12.7645,,,
V1222 Tau,12.123,11.758,11.666,,14.2,13.48,,,,13.6776,,,
V1320 Cas,10.781,10.476,10.395,,12.37,11.89,,,,11.7859,,,
V1355 Tau,11.488,10.825,10.735,,14.87,13.12,12.97,,,13.5883,12.97,,
V1367 Tau,9.55,9.142,9.083,,11.9,11.11,,,,10.9686,,,
V1542 Aqr,,,,,,,,,,,,,
V1695 Aql,9.558,9.263,9.158,,11.64,10.92,,,,10.7856,,,
V1799 Ori,11.311,10.863,10.774,,,13.14,,,,13.1257,,,
V1848 Ori,9.531,9.038,8.908,10.227,11,11.301,10.8,,,11.1281,10.8,10.227,
V1853 Ori,10.46,10.202,10.099,,13.14,11.6,,,,11.7106,,,
V1918 Cyg,10.243,10.001,9.996,,11.34,10.76,,,,10.7581,,,
V1988 Ori,12.763,11.92,11.491,14.397,18.858,18.049,,,18.78,16.4154,,14.397,
V2150 Cyg,7.576,7.483,7.46,,8.33,8.11,,,,8.0699,,,
V2240 Cyg,11.185,10.994,10.949,,,,,,,11.8554,,,
V2284 Cyg,11.902,11.55,11.467,12.345,12.6,13.135,,,,12.9412,,12.345,
V2357 Oph,,,,,11.38,10.48,,,,10.3042,,,
V2364 Cyg,10.37,10.27,10.255,,11.43,11.1,,,,11.2032,,,
V2377 Oph,7.35,7.075,7.017,7.829,9.12,8.566,,,,8.3865,,7.829,
V2612 Oph,8.412,8.174,8.133,8.844,9.97,9.44,9.06,,,9.2841,9.06,8.844,
V2741 Cyg,,,,,14,,13.3,,,13.5831,13.3,,
V2787 Ori,9.578,9.404,9.359,,10.53,10.27,10.16,,,10.1984,10.16,,
V2790 Ori,9.947,9.576,9.487,,11.65,11.12,,,,11.2925,,,
V336 TrA,8.897,8.38,8.301,9.705,12.19,10.74,,,,10.5376,,9.705,
V342 UMa,12.087,11.811,11.751,,13.2,13.35,,,,13.4171,,,
V344 Lac,11.417,11.186,11.121,,,,,,,12.3044,,,
V345 Gem,6.943,6.721,6.693,12.996,8.41,8.03,8.7,,12.996,7.9095,8.7,,
V351 Peg,7.266,7.167,7.129,,8.33,8.04,,,,7.9769,,,
V354 UMa,9.647,9.319,9.232,,11.64,10.87,10.45,,,10.662,10.45,,
V357 Her,11.949,11.489,11.354,,,,,,,,,,
V357 Peg,8.395,8.264,8.217,,9.41,9.05,,,,9.0253,,,
V366 Cas,10.626,10.501,10.474,,,,,,,11.6142,,,
V369 Cep,,,,14.943,17.158,16.347,15.085,,17.194,15.65,15.085,14.943,14.912
V370 Cep,14.524,14.212,14.111,14.83,16.916,16.124,14.988,,17.187,15.581,14.988,14.83,14.691
V371 Cep,14.442,13.836,13.834,15.405,17.074,16.104,15.724,,18.345,16.481,15.724,15.405,15.252
V376 And,7.016,6.91,6.883,,8.02,7.77,,,,7.6857,,,
V380 Gem,11.718,11.4,11.298,,,,,,,13.1523,,,
V384 Ser,10.318,9.842,9.723,11.276,13.52,11.874,11.608,,,12.342,11.608,11.276,
V396 Mon,11.033,10.764,10.668,,,,,,,12.2401,,,
V400 Lyr,11.481,11.015,10.898,,,,,,,12.8205,,,
V402 Aur,7.904,7.774,7.685,9.48,9.35,8.91,,,9.48,8.7464,,,
V404 Peg,9.447,9.241,9.166,,11.04,10.44,,,,10.3447,,,
V407 Peg,8.498,8.376,8.317,,9.79,9.45,,,,9.4096,,,
V409 Hya,10.364,10.183,10.108,,12.01,11.44,,,,11.196,,,
V410 Aur,8.627,8.323,8.357,9.76,10.9,10.21,10,,,10.53,10,9.76,
V412 Her,12.527,12.177,12.125,,,13.98,,,,14.031,,,
V417 Aql,9.851,9.542,9.497,,11.23,10.63,,,,10.6057,,,
V434 Ori,6.193,5.188,4.733,,,,,,,10.2082,,,
V440 Cas,13.772,13.322,13.288,,,,,,,14.8642,,,
V444 And,11.836,11.694,11.66,,,12.9,,,,12.8246,,,
V445 Cep,6.55,6.412,6.408,,6.96,6.84,,,,6.7868,,,
V453 Mon,10.099,9.93,9.86,,11.06,10.67,,,,10.6547,,,
V454 Dra,12.799,12.609,12.554,13.17,14.49,13.76,14.16,,,13.8075,14.16,13.17,
V455 Dra,13.517,13.107,13.07,13.98,15.53,14.25,14.7,,,14.4629,14.7,13.98,
V471 Cas,12.199,11.884,11.783,,,,,,,13.506,,,
V474 Cam,9.482,9.091,9.034,,11.64,10.82,,,,10.7076,,,
V479 Lac,10.858,10.534,10.467,,13.41,13.14,12.6,,,12.3302,12.6,,
V480 Gem,12.134,11.542,11.336,,,13.87,,,,14.031,,,
V483 And,10.409,10.01,9.868,11.438,12.98,12.115,11.798,,,12.454,11.798,11.438,
V499 Peg,10.896,10.569,10.526,11.59,12.64,11.9,11.72,,,12.33,11.72,11.59,
V502 Her,11.903,11.656,11.586,,,13.12,,,,13.0784,,,
V502 Oph,7.342,7.112,6.997,7.865,9.15,8.5,,,,8.4306,,7.865,
V507 Lyr,13.188,12.886,12.839,,,,,,,14.1909,,,
V508 Cyg,10.831,10.563,10.423,,,,,,,12.3834,,,
V508 Oph,8.943,8.632,8.568,,11.25,10.65,,,,10.48,,,
V509 Cam,11.827,11.53,11.519,,,12.933,,,,13.0124,,,
V513 Her,13.064,12.655,12.593,,15.3,14.39,,,,14.4697,,,
V523 Aur,12.257,11.817,11.714,,14.92,14.06,13.98,,,13.891,13.98,,
V523 Cas,9.265,8.645,8.489,,,,10.405,,,10.6296,10.405,,
V524 Mon,12.351,11.978,11.867,,,,,,,13.5324,,,
V530 And,11.679,11.485,11.421,,12.74,12.85,12.9,,,12.6898,12.9,,
V532 Mon,11.13,10.908,10.851,,,,,,,11.9903,,,
V535 Ara,6.989,6.84,6.819,,7.69,7.36,,,,7.3522,,,
V539 Dra,11.891,11.52,11.421,,13.1,,,,,13.2527,,,
V542 Aur,14.267,13.912,13.9,15.46,16.779,16.051,15.789,,,16.35,15.789,15.46,
V546 And,9.966,9.623,9.527,,11.92,11.23,,,,11.1982,,,
V560 Lac,,,,,,,,,,14.4886,,,
V566 Oph,6.563,6.399,6.353,,8.03,7.58,,,,7.539,,,
V568 Peg,11.321,10.829,10.685,,,12.94,13.12,,,12.9715,13.12,,
V574 Lyr,10.686,10.169,10.079,,12.3,12.289,,,,12.4252,,,
V592 Per,7.257,7.044,6.961,,8.86,8.36,,,,8.2066,,,
V596 Peg,11.11,10.63,10.542,11.604,11.8,12.22,11.832,,,12.399,11.832,11.604,
V599 Aur,10.828,10.512,10.403,,12,,,,,12.0293,,,
V604 Car,8.301,8.12,8.018,8.732,9.893,9.311,,,,9.366,,8.732,
V608 Cas,11.026,10.676,10.609,,,,,,,12.1636,,,
V619 Peg,9.822,9.586,9.572,,11.46,11.11,,,,10.9751,,,
V646 Lac,12.282,11.887,11.748,,,,,,,13.5607,,,
V649 Lyr,12.583,12.113,12.02,,15.36,14.51,14.21,,,14.1797,14.21,,
V658 Lyr,10.159,9.876,9.816,,11.81,11.49,,,,11.2195,,,
V677 Cen,9.798,9.54,9.481,10,11.47,10.85,,,,10.85,,10,
V692 Pup,,,,,15.333,,,,,,,,
V695 Pup,,,,,16.391,,,,,15.3589,,,
V700 Cyg,9.764,9.356,9.29,,12.36,11.14,,,,11.3534,,,
V701 Mon,14.848,14.631,14.575,,,,,,,15.9412,,,
V702 Mon,,,,,,,,,,19.371,,,
V703 Mon,,,,,,,,,,18.9919,,,
V704 Mon,16.949,15.903,,,,,,,,18.2854,,,
V706 Mon,15.004,14.65,14.874,,,,,,,16.0696,,,
V709 Mon,,,,,,,,,,17.1425,,,
V710 Mon,14.302,14.018,14.032,,,,,,,15.4035,,,
V712 Mon,16.364,15.948,,,,,,,,17.8311,,,
V719 Her,11.572,11.307,11.199,,,12.56,,,,12.3377,,,
V728 Her,10.061,9.91,9.863,,11.25,10.61,,,,10.8882,,,
V743 Sgr,11.293,10.774,10.588,,,,,,,13.0068,,,
V752 Cen,8.083,7.823,7.689,9.11,9.88,9.3,9.629,,,10.427,9.629,9.11,
V757 Cen,7.336,7.032,6.923,7.771,9.13,8.54,,,,8.3706,,7.771,
V776 Cas,8.292,8.091,8.038,,9.47,9.03,,,,8.9714,,,
V781 Tau,7.436,7.15,7.092,7.976,9.28,8.67,,,,8.6132,,7.976,
V782 Cep,14.505,14.117,13.979,15.027,16.641,15.858,15.388,,17.055,15.5287,15.388,15.027,
V783 And,12.776,12.129,11.969,14.27,16.64,15.37,14.8,,,16.06,14.8,14.27,
V789 Her,13.495,13.031,12.967,,14.9,14.47,,,,14.4667,,,
V796 Cep,11.298,11.026,10.987,,13.43,12.12,,,,12.1217,,,
V797 Cep,13.106,12.643,12.508,,15.4,15,14.7,,,14.5007,14.7,,
V803 Aql,11.63,11.356,11.302,,,,,,,12.8098,,,
V816 Cep,12.263,11.82,11.705,,13.1,,,,,13.3914,,,
V829 Her,8.928,8.593,8.517,9.93,10.96,10.33,10.17,,,10.69,10.17,9.93,
V839 Oph,7.91,7.666,7.566,8.286,9.62,9.03,,,,8.8257,,8.286,
V842 Her,8.755,8.52,8.428,12.926,10.5,9.979,9.781,,14.998,14.116,9.781,12.926,10.015
V857 Her,9.988,9.86,9.81,,11.04,10.87,,,,10.7035,,,
V859 Cyg,10.758,10.491,10.452,,11.86,11.76,,,,11.4996,,,
V860 Aur,11.603,10.993,10.845,,,13.34,,,,13.3305,,,
V861 Her,12.187,11.824,11.763,12.832,,13.182,13.036,,,13.5,13.036,12.832,
V865 Cyg,12.63,12.306,12.257,,,,,,,13.6003,,,
V868 Mon,8.938,8.865,8.778,,9.53,9.31,,,,9.3652,,,
V870 Ara,7.741,7.477,7.388,,9.65,8.96,,,,8.6983,,,
V873 Per,9.442,9,8.918,,11.85,11.04,10.68,,,10.9362,10.68,,
V879 Aql,12.215,11.787,11.6,,,,,,,13.4133,,,
V883 Her,12.261,12.06,12.004,,,,,,,13.1552,,,
V899 Her,7.016,6.858,6.793,,8.33,7.88,,,,7.7639,,,
V902 Cep,10.623,10.239,10.172,,12.44,11.77,,,,11.8747,,,
V902 Sgr,12.755,12.366,12.309,,,,,,,13.8076,,,
V921 Her,9.043,8.874,8.83,,9.8,9.5,,,,9.4279,,,
V958 Mon,10.58,10.14,10.04,,12.1,11.92,12.04,,,12.0876,12.04,,
V972 Her,5.785,5.636,5.533,,7.09,6.65,,,,6.5398,,,
VSX J045718.3+405643,,,,,,,,,,,,,
VSX J062624.4+570907,11.542,11.11,11.011,12.74,13.91,13.14,12.85,,,13.53,12.85,12.74,
VW Boo,9.155,8.781,8.688,9.777,11.33,10.55,,,,10.5475,,9.777,
VW Cep,5.962,5.425,5.312,10.696,8.13,,11.098,,13.124,11.776,11.098,10.696,7.345
VW LMi,7.411,7.252,7.203,,8.43,8.06,,,,8.0003,,,
VW Vul,13.524,13.274,13.168,,,13.1,,,,15.5241,,,
VY Cet,9.974,9.637,9.565,10.933,12.09,11.48,11.129,,,11.633,11.129,10.933,
VY Sex,8.111,7.848,7.765,8.349,9.6,9.01,,,,8.909,,8.349,
VZ Lib,8.943,8.665,8.564,,11.04,10.27,,,,10.2248,,,
VZ Psc,8.158,7.582,7.406,9.255,11.39,10.274,9.775,,,10.839,9.775,9.255,
VZ Tri,11.485,11.191,11.095,,12.91,12.26,,,,12.241,,,
W UMa,6.573,6.223,6.184,,8.54,7.75,,,,7.7937,,,
WISE J004327.7+722407,,,,,,,,,,,,,
WISE J234557.8+510456,,,,,,,,,,,,,
WZ Cep,10.106,9.822,9.726,,11.97,11.48,,,,11.2674,,,
WZ Cyg,9.598,9.412,9.347,,,,,,,,,,
XX Sex,,,,,9.82,9.47,,,,9.3649,,,
XY Boo,9.488,9.264,9.199,,10.71,10.54,,,,10.3747,,,
XY Leo,7.691,7.149,6.99,8.474,10.66,9.68,,,,9.2642,,8.474,
XY LMi,10.078,9.856,9.807,,11.78,11.2,,,,11.0514,,,
XZ Leo,9.716,9.59,9.545,,10.79,10.37,,,,10.3976,,,
Y Sex,9.12,8.945,8.842,9.81,10.38,9.95,9.852,,,10.156,9.852,9.81,
YY CMi,7.654,7.45,7.345,,9.15,8.7,,,,8.6596,,,
YY CrB,7.64,7.406,7.309,,9.28,8.69,,,,8.5869,,,
YY Eri,7.031,6.694,6.588,7.673,9.08,8.41,,,,8.4387,,7.673,
YZ Phe,11.321,10.765,10.708,,,12.56,,,,12.5903,,,
ZZ PsA,8.376,8.133,8.062,8.739,9.956,9.35,,,,9.2612,,8.739,
